patient_id,prioridade_referencia_codigo,prioridade_prevista_codigo,prioridade_referencia,prioridade_prevista,proba_0,proba_1,proba_2,proba_3,seed,narrative_id,generator_id,prompt_version,input_hash,extractor_id,ontology_version,extraction_status,retry_count,priority_score,urgent_rule_triggered,run_id,config_hash,priority_rule_version,extraction_provider,dataset,selected_model
SYN-20260806-000742,0,0,baixa,baixa,0.9678751985722152,0.0303897322504952,0.0013849535253796,0.0003501156519098,20260806,NAR-SYN-20260806-000742-5a96bcca4b,template-simulator-v2-qualitative,narrativa_soap_v2_qualitative,5a96bcca4bb1af3a6bce8fd5a3f1c13b83b49851bef91f1dae88221b11acedca,rule-dictionary-qualified-v2,ontology_v2,success,0,0.35,0,demonstracao_precarregada,d57a115fee476ed40a7803999845c9441079393e5bde9a00fb776a94273e161d,priority-matrix-v2-draft,rules,03_operacional_marcadores_extraidos,xgboost
SYN-20260806-000329,0,0,baixa,baixa,0.9686584003472316,0.0287965912417993,0.0021369238663935,0.0004080845445754,20260806,NAR-SYN-20260806-000329-2a825b60c5,template-simulator-v2-qualitative,narrativa_soap_v2_qualitative,2a825b60c5ef67845859c86a6575c7d0ce7c038e00ce2721becc8b77614c3afb,rule-dictionary-qualified-v2,ontology_v2,success,0,0.7,0,demonstracao_precarregada,d57a115fee476ed40a7803999845c9441079393e5bde9a00fb776a94273e161d,priority-matrix-v2-draft,rules,03_operacional_marcadores_extraidos,xgboost
SYN-20260806-000314,1,1,moderada,moderada,0.0292113657295774,0.9573490947111124,0.0118242871424121,0.001615252416898,20260806,NAR-SYN-20260806-000314-a4785bf6a6,template-simulator-v2-qualitative,narrativa_soap_v2_qualitative,a4785bf6a6a4095fa75aa7a37e945ea114ddc0c57e31ae495fd9be8d67b06e9d,rule-dictionary-qualified-v2,ontology_v2,success,0,1.9,0,demonstracao_precarregada,d57a115fee476ed40a7803999845c9441079393e5bde9a00fb776a94273e161d,priority-matrix-v2-draft,rules,03_operacional_marcadores_extraidos,xgboost
SYN-20260806-000085,0,0,baixa,baixa,0.9653143076112968,0.0333216315402322,0.0010293317438406,0.0003347291046301,20260806,NAR-SYN-20260806-000085-40b859e154,template-simulator-v2-qualitative,narrativa_soap_v2_qualitative,40b859e154ef40adacbbcd04146798784567ce3fe69eebaf2810bae335aec9e0,rule-dictionary-qualified-v2,ontology_v2,success,0,0.0,0,demonstracao_precarregada,d57a115fee476ed40a7803999845c9441079393e5bde9a00fb776a94273e161d,priority-matrix-v2-draft,rules,03_operacional_marcadores_extraidos,xgboost
SYN-20260806-000664,2,2,alta,alta,0.0021490924891592,0.004346406532701,0.989257867498054,0.0042466334800858,20260806,NAR-SYN-20260806-000664-71842fcbae,template-simulator-v2-qualitative,narrativa_soap_v2_qualitative,71842fcbae8cdb9867ed3d4d1465d88c6f602cadd3f7bfc9727a7b7d7ed5d13f,rule-dictionary-qualified-v2,ontology_v2,success,0,6.0,0,demonstracao_precarregada,d57a115fee476ed40a7803999845c9441079393e5bde9a00fb776a94273e161d,priority-matrix-v2-draft,rules,03_operacional_marcadores_extraidos,xgboost
SYN-20260806-000528,1,1,moderada,moderada,0.128151444492256,0.7635289306177233,0.105199551357895,0.0031200735321256,20260806,NAR-SYN-20260806-000528-2ebecc08a7,template-simulator-v2-qualitative,narrativa_soap_v2_qualitative,2ebecc08a7baf2f51dc00a4dc32b9836f464a044056cd3bfab286bb790705c2b,rule-dictionary-qualified-v2,ontology_v2,success,0,1.9,0,demonstracao_precarregada,d57a115fee476ed40a7803999845c9441079393e5bde9a00fb776a94273e161d,priority-matrix-v2-draft,rules,03_operacional_marcadores_extraidos,xgboost
SYN-20260806-000506,0,0,baixa,baixa,0.9708679748329344,0.0276291980336545,0.0011770620275023,0.0003257651059087,20260806,NAR-SYN-20260806-000506-36ecb0416a,template-simulator-v2-qualitative,narrativa_soap_v2_qualitative,36ecb0416a5ec5122350b08e4a93b58a463f37ec468907d7fb4abef9cf592c50,rule-dictionary-qualified-v2,ontology_v2,success,0,0.0,0,demonstracao_precarregada,d57a115fee476ed40a7803999845c9441079393e5bde9a00fb776a94273e161d,priority-matrix-v2-draft,rules,03_operacional_marcadores_extraidos,xgboost
SYN-20260806-000159,1,1,moderada,moderada,0.015797203634732,0.7871268505234887,0.1934738783155056,0.0036020675262734,20260806,NAR-SYN-20260806-000159-73717587fe,template-simulator-v2-qualitative,narrativa_soap_v2_qualitative,73717587feee5816fb4970d22f1982e20bbcf9933810fac1d120c286e4c20177,rule-dictionary-qualified-v2,ontology_v2,success,0,2.75,0,demonstracao_precarregada,d57a115fee476ed40a7803999845c9441079393e5bde9a00fb776a94273e161d,priority-matrix-v2-draft,rules,03_operacional_marcadores_extraidos,xgboost
SYN-20260806-000086,3,2,urgente,alta,0.0016432927791096,0.0034157064527348,0.7311353340217837,0.2638056667463718,20260806,NAR-SYN-20260806-000086-7e3c06fc1e,template-simulator-v2-qualitative,narrativa_soap_v2_qualitative,7e3c06fc1e5386f1b9a58f22a9b1f1ae201e45d61898a558570e1fa45baaa01d,rule-dictionary-qualified-v2,ontology_v2,success,0,5.65,1,demonstracao_precarregada,d57a115fee476ed40a7803999845c9441079393e5bde9a00fb776a94273e161d,priority-matrix-v2-draft,rules,03_operacional_marcadores_extraidos,xgboost
SYN-20260806-000118,1,1,moderada,moderada,0.0477444708794584,0.9287245733408144,0.0204978079322348,0.0030331478474921,20260806,NAR-SYN-20260806-000118-83d85bf7a2,template-simulator-v2-qualitative,narrativa_soap_v2_qualitative,83d85bf7a2e0c50cbdc2e4e883a2c6585f8ddc2e4f2898ec9e4ec1541d0f325f,rule-dictionary-qualified-v2,ontology_v2,success,0,1.4,0,demonstracao_precarregada,d57a115fee476ed40a7803999845c9441079393e5bde9a00fb776a94273e161d,priority-matrix-v2-draft,rules,03_operacional_marcadores_extraidos,xgboost
SYN-20260806-000216,1,1,moderada,moderada,0.0724143869997947,0.8917818800603092,0.0318576192780417,0.0039461136618542,20260806,NAR-SYN-20260806-000216-88e27d9f66,template-simulator-v2-qualitative,narrativa_soap_v2_qualitative,88e27d9f66bcf3624d2ce729ebd93be992d1dda3a55924b536d2737ee09ff175,rule-dictionary-qualified-v2,ontology_v2,success,0,1.9,0,demonstracao_precarregada,d57a115fee476ed40a7803999845c9441079393e5bde9a00fb776a94273e161d,priority-matrix-v2-draft,rules,03_operacional_marcadores_extraidos,xgboost
SYN-20260806-000113,1,1,moderada,moderada,0.0371434090965005,0.9476317723613764,0.0117748686550307,0.0034499498870924,20260806,NAR-SYN-20260806-000113-2d4dbbd125,template-simulator-v2-qualitative,narrativa_soap_v2_qualitative,2d4dbbd1259e5da44b5ccef92ae3e5f16da53f2198f978e82907f2109567b406,rule-dictionary-qualified-v2,ontology_v2,success,0,1.2,0,demonstracao_precarregada,d57a115fee476ed40a7803999845c9441079393e5bde9a00fb776a94273e161d,priority-matrix-v2-draft,rules,03_operacional_marcadores_extraidos,xgboost
SYN-20260806-000514,0,0,baixa,baixa,0.9802575155109357,0.0179414794915732,0.0014700728105945,0.0003309321868965,20260806,NAR-SYN-20260806-000514-43e2721b5b,template-simulator-v2-qualitative,narrativa_soap_v2_qualitative,43e2721b5b6cf9cf66c5460ef9153e229927ea5f089ad7a80d99be601df7dd2f,rule-dictionary-qualified-v2,ontology_v2,success,0,0.0,0,demonstracao_precarregada,d57a115fee476ed40a7803999845c9441079393e5bde9a00fb776a94273e161d,priority-matrix-v2-draft,rules,03_operacional_marcadores_extraidos,xgboost
SYN-20260806-000023,2,2,alta,alta,0.001784666623102,0.0027368293757014,0.9932460500464624,0.0022324539547339,20260806,NAR-SYN-20260806-000023-13e0dc1bd6,template-simulator-v2-qualitative,narrativa_soap_v2_qualitative,13e0dc1bd658af251cde9093706dfd5904ebaaf9a2046102d632489468fd7e8e,rule-dictionary-qualified-v2,ontology_v2,success,0,7.199999999999999,0,demonstracao_precarregada,d57a115fee476ed40a7803999845c9441079393e5bde9a00fb776a94273e161d,priority-matrix-v2-draft,rules,03_operacional_marcadores_extraidos,xgboost
SYN-20260806-000637,2,2,alta,alta,0.0029631287980585,0.0074306830544757,0.9774116493887516,0.012194538758714,20260806,NAR-SYN-20260806-000637-c1b028693a,template-simulator-v2-qualitative,narrativa_soap_v2_qualitative,c1b028693a87daf087196b6bd321d8e775f9542ba412cfa5d2ea4fe74add0a88,rule-dictionary-qualified-v2,ontology_v2,success,0,4.449999999999999,0,demonstracao_precarregada,d57a115fee476ed40a7803999845c9441079393e5bde9a00fb776a94273e161d,priority-matrix-v2-draft,rules,03_operacional_marcadores_extraidos,xgboost
SYN-20260806-000636,0,0,baixa,baixa,0.9776573084979268,0.0210842041087319,0.0010053402412506,0.0002531471520905,20260806,NAR-SYN-20260806-000636-f65483b2a1,template-simulator-v2-qualitative,narrativa_soap_v2_qualitative,f65483b2a185c2eb702e2063c85dd1a2ed08d596060b5146d087adf1e49938c2,rule-dictionary-qualified-v2,ontology_v2,success,0,0.0,0,demonstracao_precarregada,d57a115fee476ed40a7803999845c9441079393e5bde9a00fb776a94273e161d,priority-matrix-v2-draft,rules,03_operacional_marcadores_extraidos,xgboost
SYN-20260806-000750,2,2,alta,alta,0.0008175836614057,0.0034378679394377,0.9937361726373832,0.0020083757617734,20260806,NAR-SYN-20260806-000750-dbc417eef8,template-simulator-v2-qualitative,narrativa_soap_v2_qualitative,dbc417eef8ac18205206aef7c079c6a5a8811f874435b15b65d79390f1ab022e,rule-dictionary-qualified-v2,ontology_v2,success,0,6.0,0,demonstracao_precarregada,d57a115fee476ed40a7803999845c9441079393e5bde9a00fb776a94273e161d,priority-matrix-v2-draft,rules,03_operacional_marcadores_extraidos,xgboost
SYN-20260806-000122,2,2,alta,alta,0.0009940663930298,0.0108636453791249,0.9874459847643626,0.0006963034634825,20260806,NAR-SYN-20260806-000122-0b0017e8f9,template-simulator-v2-qualitative,narrativa_soap_v2_qualitative,0b0017e8f947b446ec401177d9fa906a93bd8986532db643e5e7f315c5e98c4f,rule-dictionary-qualified-v2,ontology_v2,success,0,6.0,0,demonstracao_precarregada,d57a115fee476ed40a7803999845c9441079393e5bde9a00fb776a94273e161d,priority-matrix-v2-draft,rules,03_operacional_marcadores_extraidos,xgboost
SYN-20260806-000378,2,2,alta,alta,0.0012215136773901,0.0059025606639386,0.991041562169804,0.0018343634888672,20260806,NAR-SYN-20260806-000378-17c5b06d16,template-simulator-v2-qualitative,narrativa_soap_v2_qualitative,17c5b06d1649874dcd5837df566165f5204b773b9d279d011a5bb7cf5553f0fb,rule-dictionary-qualified-v2,ontology_v2,success,0,4.8,0,demonstracao_precarregada,d57a115fee476ed40a7803999845c9441079393e5bde9a00fb776a94273e161d,priority-matrix-v2-draft,rules,03_operacional_marcadores_extraidos,xgboost
SYN-20260806-000639,2,1,alta,moderada,0.0174388775607078,0.5507513939716304,0.4288895474115664,0.0029201810560953,20260806,NAR-SYN-20260806-000639-cc02032953,template-simulator-v2-qualitative,narrativa_soap_v2_qualitative,cc0203295320fde0412ba4b538a81f361db33643e68db474187f787b15bbf3f3,rule-dictionary-qualified-v2,ontology_v2,success,0,3.45,0,demonstracao_precarregada,d57a115fee476ed40a7803999845c9441079393e5bde9a00fb776a94273e161d,priority-matrix-v2-draft,rules,03_operacional_marcadores_extraidos,xgboost
SYN-20260806-000426,1,1,moderada,moderada,0.0094941954380291,0.7656504902872707,0.2226291239256157,0.0022261903490843,20260806,NAR-SYN-20260806-000426-728522aab2,template-simulator-v2-qualitative,narrativa_soap_v2_qualitative,728522aab2e4772f6289d632452c6ac30e03d1f492a2b698e2d54fccbc3e9094,rule-dictionary-qualified-v2,ontology_v2,success,0,2.6,0,demonstracao_precarregada,d57a115fee476ed40a7803999845c9441079393e5bde9a00fb776a94273e161d,priority-matrix-v2-draft,rules,03_operacional_marcadores_extraidos,xgboost
SYN-20260806-000586,0,0,baixa,baixa,0.9813212934841956,0.0173574465761021,0.0010218427240894,0.0002994172156127,20260806,NAR-SYN-20260806-000586-b991aaabe0,template-simulator-v2-qualitative,narrativa_soap_v2_qualitative,b991aaabe0cea6783452c5b89ecbfa44f0eb0902deb148d07c1896cb76774a65,rule-dictionary-qualified-v2,ontology_v2,success,0,0.0,0,demonstracao_precarregada,d57a115fee476ed40a7803999845c9441079393e5bde9a00fb776a94273e161d,priority-matrix-v2-draft,rules,03_operacional_marcadores_extraidos,xgboost
SYN-20260806-000162,1,1,moderada,moderada,0.0115792300005713,0.8684029361212973,0.1173279858055369,0.0026898480725944,20260806,NAR-SYN-20260806-000162-aa0615a983,template-simulator-v2-qualitative,narrativa_soap_v2_qualitative,aa0615a983fde36b6ad705c58f7edb2556ba02398830879fb0ae9273fcbcd22c,rule-dictionary-qualified-v2,ontology_v2,success,0,2.75,0,demonstracao_precarregada,d57a115fee476ed40a7803999845c9441079393e5bde9a00fb776a94273e161d,priority-matrix-v2-draft,rules,03_operacional_marcadores_extraidos,xgboost
SYN-20260806-000055,2,2,alta,alta,0.0036376249391575,0.1179267327313182,0.874678862124017,0.0037567802055071,20260806,NAR-SYN-20260806-000055-55882e9903,template-simulator-v2-qualitative,narrativa_soap_v2_qualitative,55882e990345001e6462af826544db0b6866b6366ebad94422e136fe21d56193,rule-dictionary-qualified-v2,ontology_v2,success,0,4.3,0,demonstracao_precarregada,d57a115fee476ed40a7803999845c9441079393e5bde9a00fb776a94273e161d,priority-matrix-v2-draft,rules,03_operacional_marcadores_extraidos,xgboost
SYN-20260806-000686,2,2,alta,alta,0.0015780399863388,0.0042896515230312,0.9919149338686322,0.0022173746219976,20260806,NAR-SYN-20260806-000686-f8bc3ff9f6,template-simulator-v2-qualitative,narrativa_soap_v2_qualitative,f8bc3ff9f6e6d96a67f19d9e5afea6dd6cb0050220035e246ad481db5ba50b9a,rule-dictionary-qualified-v2,ontology_v2,success,0,6.0,0,demonstracao_precarregada,d57a115fee476ed40a7803999845c9441079393e5bde9a00fb776a94273e161d,priority-matrix-v2-draft,rules,03_operacional_marcadores_extraidos,xgboost
SYN-20260806-000392,2,2,alta,alta,0.0077126087542504,0.2364190545002709,0.7546163880835004,0.0012519486619782,20260806,NAR-SYN-20260806-000392-20957279fe,template-simulator-v2-qualitative,narrativa_soap_v2_qualitative,20957279fe16ae8ff85102bf781e3f2d41a47270cabcab532c93d53f7d3607b9,rule-dictionary-qualified-v2,ontology_v2,success,0,3.95,0,demonstracao_precarregada,d57a115fee476ed40a7803999845c9441079393e5bde9a00fb776a94273e161d,priority-matrix-v2-draft,rules,03_operacional_marcadores_extraidos,xgboost
SYN-20260806-000437,2,2,alta,alta,0.0072730208120424,0.0440395639985818,0.9442665132829372,0.0044209019064385,20260806,NAR-SYN-20260806-000437-48d5182d9e,template-simulator-v2-qualitative,narrativa_soap_v2_qualitative,48d5182d9e60db048a93e2edd3bbf11fb3b1f4f76f5c16d743ad1eba97a0fe4a,rule-dictionary-qualified-v2,ontology_v2,success,0,3.1,0,demonstracao_precarregada,d57a115fee476ed40a7803999845c9441079393e5bde9a00fb776a94273e161d,priority-matrix-v2-draft,rules,03_operacional_marcadores_extraidos,xgboost
SYN-20260806-000790,1,1,moderada,moderada,0.0205165998149335,0.9588921960791464,0.0179573031085925,0.0026339009973274,20260806,NAR-SYN-20260806-000790-527a04cbbe,template-simulator-v2-qualitative,narrativa_soap_v2_qualitative,527a04cbbed7b902fd0b73aa74a3204fc56585525b88f93accf7029c8b3ecadd,rule-dictionary-qualified-v2,ontology_v2,success,0,1.9,0,demonstracao_precarregada,d57a115fee476ed40a7803999845c9441079393e5bde9a00fb776a94273e161d,priority-matrix-v2-draft,rules,03_operacional_marcadores_extraidos,xgboost
SYN-20260806-000595,2,2,alta,alta,0.001318416304962,0.0055354124940687,0.9922499503044828,0.0008962208964864,20260806,NAR-SYN-20260806-000595-7de39f6732,template-simulator-v2-qualitative,narrativa_soap_v2_qualitative,7de39f67322e62dce07d4048b4add07cef7dc6bd8ac1099d96e0f83ba3d654a5,rule-dictionary-qualified-v2,ontology_v2,success,0,4.8,0,demonstracao_precarregada,d57a115fee476ed40a7803999845c9441079393e5bde9a00fb776a94273e161d,priority-matrix-v2-draft,rules,03_operacional_marcadores_extraidos,xgboost
SYN-20260806-000684,2,2,alta,alta,0.0008718656316519,0.0059808378896581,0.991968538881403,0.0011787575972869,20260806,NAR-SYN-20260806-000684-b3f3b6269d,template-simulator-v2-qualitative,narrativa_soap_v2_qualitative,b3f3b6269da47b2ec95cc776842b94521cd992411e03a5f4a8e9a0fd059f2abf,rule-dictionary-qualified-v2,ontology_v2,success,0,6.35,0,demonstracao_precarregada,d57a115fee476ed40a7803999845c9441079393e5bde9a00fb776a94273e161d,priority-matrix-v2-draft,rules,03_operacional_marcadores_extraidos,xgboost
SYN-20260806-000781,1,1,moderada,moderada,0.054318290539714,0.929061593257704,0.0133157010263279,0.0033044151762539,20260806,NAR-SYN-20260806-000781-a1db491bd5,template-simulator-v2-qualitative,narrativa_soap_v2_qualitative,a1db491bd538facf8dc798d0bcf30ba3d4d8d8cdb79839eb0a954ac035e045e8,rule-dictionary-qualified-v2,ontology_v2,success,0,1.5499999999999998,0,demonstracao_precarregada,d57a115fee476ed40a7803999845c9441079393e5bde9a00fb776a94273e161d,priority-matrix-v2-draft,rules,03_operacional_marcadores_extraidos,xgboost
SYN-20260806-000736,1,1,moderada,moderada,0.0136968424697298,0.9676242814460024,0.0161627768980732,0.0025160991861943,20260806,NAR-SYN-20260806-000736-21e1ff279b,template-simulator-v2-qualitative,narrativa_soap_v2_qualitative,21e1ff279ba5c61a3eb8fb53e528a818ca8284c86cc8723847f8d0e53b4ebbb8,rule-dictionary-qualified-v2,ontology_v2,success,0,1.5499999999999998,0,demonstracao_precarregada,d57a115fee476ed40a7803999845c9441079393e5bde9a00fb776a94273e161d,priority-matrix-v2-draft,rules,03_operacional_marcadores_extraidos,xgboost
SYN-20260806-000769,2,2,alta,alta,0.0005189971484228,0.0034990355365026,0.99489261022832,0.0010893570867544,20260806,NAR-SYN-20260806-000769-58491d8a95,template-simulator-v2-qualitative,narrativa_soap_v2_qualitative,58491d8a9583a6b1b37e2f61e65f2aa4744b685f1bc99a08b9d68d7078d4db10,rule-dictionary-qualified-v2,ontology_v2,success,0,6.35,0,demonstracao_precarregada,d57a115fee476ed40a7803999845c9441079393e5bde9a00fb776a94273e161d,priority-matrix-v2-draft,rules,03_operacional_marcadores_extraidos,xgboost
SYN-20260806-000508,2,2,alta,alta,0.0060351727000302,0.0178701705628778,0.9722856047754868,0.0038090519616051,20260806,NAR-SYN-20260806-000508-7b81346ea0,template-simulator-v2-qualitative,narrativa_soap_v2_qualitative,7b81346ea0f525de7221868fad3b41431f7e1b1676f94c4faa13d17a29e8c72d,rule-dictionary-qualified-v2,ontology_v2,success,0,5.15,0,demonstracao_precarregada,d57a115fee476ed40a7803999845c9441079393e5bde9a00fb776a94273e161d,priority-matrix-v2-draft,rules,03_operacional_marcadores_extraidos,xgboost
SYN-20260806-000001,2,2,alta,alta,0.0098859845327761,0.0915951808871409,0.8942318016779671,0.0042870329021156,20260806,NAR-SYN-20260806-000001-c94b4acd4e,template-simulator-v2-qualitative,narrativa_soap_v2_qualitative,c94b4acd4e520fe636290d07af6a5fbd8b16261b8e571ad0f6c419386a144e65,rule-dictionary-qualified-v2,ontology_v2,success,0,3.95,0,demonstracao_precarregada,d57a115fee476ed40a7803999845c9441079393e5bde9a00fb776a94273e161d,priority-matrix-v2-draft,rules,03_operacional_marcadores_extraidos,xgboost
SYN-20260806-000553,1,1,moderada,moderada,0.0896040181159075,0.7243613438823518,0.1720758638066978,0.0139587741950428,20260806,NAR-SYN-20260806-000553-6bc28624ad,template-simulator-v2-qualitative,narrativa_soap_v2_qualitative,6bc28624ad1c2d32b74420cc7850b3f20981a0a4c2b12cb8ecdc7a026652b08b,rule-dictionary-qualified-v2,ontology_v2,success,0,1.9,0,demonstracao_precarregada,d57a115fee476ed40a7803999845c9441079393e5bde9a00fb776a94273e161d,priority-matrix-v2-draft,rules,03_operacional_marcadores_extraidos,xgboost
SYN-20260806-000679,3,3,urgente,urgente,0.0026360230930791,0.0047211442043794,0.0663218645851833,0.926320968117358,20260806,NAR-SYN-20260806-000679-4a97620d32,template-simulator-v2-qualitative,narrativa_soap_v2_qualitative,4a97620d326379397bfd5832a861857034db99cce31bad0c18bb2797c8bfa929,rule-dictionary-qualified-v2,ontology_v2,success,0,4.8,1,demonstracao_precarregada,d57a115fee476ed40a7803999845c9441079393e5bde9a00fb776a94273e161d,priority-matrix-v2-draft,rules,03_operacional_marcadores_extraidos,xgboost
SYN-20260806-000185,0,0,baixa,baixa,0.9398005501080652,0.0586045340689854,0.0012438791899642,0.0003510366329852,20260806,NAR-SYN-20260806-000185-9441e07813,template-simulator-v2-qualitative,narrativa_soap_v2_qualitative,9441e07813b05d01e7dc142d057bb5e2ee72388b79ccbde0359cb1a671440049,rule-dictionary-qualified-v2,ontology_v2,success,0,0.7,0,demonstracao_precarregada,d57a115fee476ed40a7803999845c9441079393e5bde9a00fb776a94273e161d,priority-matrix-v2-draft,rules,03_operacional_marcadores_extraidos,xgboost
SYN-20260806-000615,1,1,moderada,moderada,0.0126707712887168,0.966900640554962,0.0183251152394959,0.0021034729168251,20260806,NAR-SYN-20260806-000615-75de65dd3a,template-simulator-v2-qualitative,narrativa_soap_v2_qualitative,75de65dd3a2a19aff4b3bbdf5b96e08c74c46ea0fb7b754e6316538e46b42486,rule-dictionary-qualified-v2,ontology_v2,success,0,2.05,0,demonstracao_precarregada,d57a115fee476ed40a7803999845c9441079393e5bde9a00fb776a94273e161d,priority-matrix-v2-draft,rules,03_operacional_marcadores_extraidos,xgboost
SYN-20260806-000311,1,1,moderada,moderada,0.2129090077486698,0.7018243987471642,0.0790512522999064,0.0062153412042595,20260806,NAR-SYN-20260806-000311-7c8b7fb314,template-simulator-v2-qualitative,narrativa_soap_v2_qualitative,7c8b7fb3143d954a18712224e942437b61ca4664ef4d1fe359607e796d58dda9,rule-dictionary-qualified-v2,ontology_v2,success,0,1.4,0,demonstracao_precarregada,d57a115fee476ed40a7803999845c9441079393e5bde9a00fb776a94273e161d,priority-matrix-v2-draft,rules,03_operacional_marcadores_extraidos,xgboost
SYN-20260806-000740,2,1,alta,moderada,0.0511900406718903,0.7790815779440374,0.1606398363369714,0.0090885450471008,20260806,NAR-SYN-20260806-000740-b9343ec47a,template-simulator-v2-qualitative,narrativa_soap_v2_qualitative,b9343ec47aa82a9cf968aa62721732f0119633e645148795e25feb0c89763742,rule-dictionary-qualified-v2,ontology_v2,success,0,3.6,0,demonstracao_precarregada,d57a115fee476ed40a7803999845c9441079393e5bde9a00fb776a94273e161d,priority-matrix-v2-draft,rules,03_operacional_marcadores_extraidos,xgboost
SYN-20260806-000660,1,1,moderada,moderada,0.0990388595704978,0.812819403880419,0.0842768755384086,0.0038648610106745,20260806,NAR-SYN-20260806-000660-f44f7cfbe8,template-simulator-v2-qualitative,narrativa_soap_v2_qualitative,f44f7cfbe8201a0644793bf8636de6c578b95f9e075cb06d86bfb6b26e8e06bc,rule-dictionary-qualified-v2,ontology_v2,success,0,1.9,0,demonstracao_precarregada,d57a115fee476ed40a7803999845c9441079393e5bde9a00fb776a94273e161d,priority-matrix-v2-draft,rules,03_operacional_marcadores_extraidos,xgboost
SYN-20260806-000619,1,1,moderada,moderada,0.0233460596440012,0.5708993228810194,0.3995423423004865,0.0062122751744928,20260806,NAR-SYN-20260806-000619-cfcc983772,template-simulator-v2-qualitative,narrativa_soap_v2_qualitative,cfcc983772a35c067102cd3c0c70042ddd03a15dbdd82f769b0f521c95e2546f,rule-dictionary-qualified-v2,ontology_v2,success,0,2.25,0,demonstracao_precarregada,d57a115fee476ed40a7803999845c9441079393e5bde9a00fb776a94273e161d,priority-matrix-v2-draft,rules,03_operacional_marcadores_extraidos,xgboost
SYN-20260806-000021,2,1,alta,moderada,0.0181795492852477,0.7825217410984814,0.1953221451442207,0.0039765644720501,20260806,NAR-SYN-20260806-000021-df8f71a637,template-simulator-v2-qualitative,narrativa_soap_v2_qualitative,df8f71a637789ec416ef141f881a4da6c26212e2d7a4419d01268b53ecfdc92d,rule-dictionary-qualified-v2,ontology_v2,success,0,3.6,0,demonstracao_precarregada,d57a115fee476ed40a7803999845c9441079393e5bde9a00fb776a94273e161d,priority-matrix-v2-draft,rules,03_operacional_marcadores_extraidos,xgboost
SYN-20260806-000542,2,2,alta,alta,0.0014405126454806,0.0025968364119657,0.9910475134042008,0.0049151375383526,20260806,NAR-SYN-20260806-000542-25bd6b57ab,template-simulator-v2-qualitative,narrativa_soap_v2_qualitative,25bd6b57ab7809ef710b141084e685346e0aac5c52b7a2918d9053f9a7462e1a,rule-dictionary-qualified-v2,ontology_v2,success,0,7.7,0,demonstracao_precarregada,d57a115fee476ed40a7803999845c9441079393e5bde9a00fb776a94273e161d,priority-matrix-v2-draft,rules,03_operacional_marcadores_extraidos,xgboost
SYN-20260806-000264,1,1,moderada,moderada,0.010564647121473,0.6816292687621922,0.305230332149891,0.0025757519664438,20260806,NAR-SYN-20260806-000264-97edade105,template-simulator-v2-qualitative,narrativa_soap_v2_qualitative,97edade105ef8c547dead56710b6e805179c8dc4b518fa614efaeabee720752d,rule-dictionary-qualified-v2,ontology_v2,success,0,2.6,0,demonstracao_precarregada,d57a115fee476ed40a7803999845c9441079393e5bde9a00fb776a94273e161d,priority-matrix-v2-draft,rules,03_operacional_marcadores_extraidos,xgboost
SYN-20260806-000454,2,2,alta,alta,0.0029469972475441,0.0135409149991389,0.9807931029484768,0.00271898480484,20260806,NAR-SYN-20260806-000454-6d12dec9a8,template-simulator-v2-qualitative,narrativa_soap_v2_qualitative,6d12dec9a80970ecabd5bb850da07ad49ee4fcd919a5eeb70fa331a8009f34f1,rule-dictionary-qualified-v2,ontology_v2,success,0,3.95,0,demonstracao_precarregada,d57a115fee476ed40a7803999845c9441079393e5bde9a00fb776a94273e161d,priority-matrix-v2-draft,rules,03_operacional_marcadores_extraidos,xgboost
SYN-20260806-000002,1,1,moderada,moderada,0.0252060026573258,0.8955346104032326,0.0761833989905951,0.0030759879488463,20260806,NAR-SYN-20260806-000002-edcc23aa29,template-simulator-v2-qualitative,narrativa_soap_v2_qualitative,edcc23aa29000eaaa0c4b819d19251d9c2a4e12518aae17f9a93656a739cd262,rule-dictionary-qualified-v2,ontology_v2,success,0,1.9,0,demonstracao_precarregada,d57a115fee476ed40a7803999845c9441079393e5bde9a00fb776a94273e161d,priority-matrix-v2-draft,rules,03_operacional_marcadores_extraidos,xgboost
SYN-20260806-000593,1,1,moderada,moderada,0.0314713296026889,0.655664958123331,0.308055360574256,0.004808351699724,20260806,NAR-SYN-20260806-000593-a48f85d7ea,template-simulator-v2-qualitative,narrativa_soap_v2_qualitative,a48f85d7ea6bbe687de1bbddac46a792dd165b62e179225039dc82463b87048f,rule-dictionary-qualified-v2,ontology_v2,success,0,2.6,0,demonstracao_precarregada,d57a115fee476ed40a7803999845c9441079393e5bde9a00fb776a94273e161d,priority-matrix-v2-draft,rules,03_operacional_marcadores_extraidos,xgboost
SYN-20260806-000092,3,2,urgente,alta,0.0023189564829424,0.0033772104353395,0.8127415984407012,0.1815622346410169,20260806,NAR-SYN-20260806-000092-c0f7d6e94b,template-simulator-v2-qualitative,narrativa_soap_v2_qualitative,c0f7d6e94be1509cd23dbff075aa95ac2a7ff799f5b1db137e4040e6698a2504,rule-dictionary-qualified-v2,ontology_v2,success,0,4.8,1,demonstracao_precarregada,d57a115fee476ed40a7803999845c9441079393e5bde9a00fb776a94273e161d,priority-matrix-v2-draft,rules,03_operacional_marcadores_extraidos,xgboost
SYN-20260806-000153,2,2,alta,alta,0.0008390212954905,0.0026068261018338,0.9960304662119546,0.000523686390721,20260806,NAR-SYN-20260806-000153-1d4157975c,template-simulator-v2-qualitative,narrativa_soap_v2_qualitative,1d4157975cf3a31c680804096b213a8ff8d82abf507992869a6fada010a5ef47,rule-dictionary-qualified-v2,ontology_v2,success,0,7.199999999999999,0,demonstracao_precarregada,d57a115fee476ed40a7803999845c9441079393e5bde9a00fb776a94273e161d,priority-matrix-v2-draft,rules,03_operacional_marcadores_extraidos,xgboost
SYN-20260806-000032,0,1,baixa,moderada,0.4696911266638131,0.503640471950843,0.0247880536601169,0.0018803477252268,20260806,NAR-SYN-20260806-000032-87abd9f0f1,template-simulator-v2-qualitative,narrativa_soap_v2_qualitative,87abd9f0f19a5f9a85f02c416fc8b813fec7e9953f2d83b138370e9f5e2248dc,rule-dictionary-qualified-v2,ontology_v2,success,0,1.0499999999999998,0,demonstracao_precarregada,d57a115fee476ed40a7803999845c9441079393e5bde9a00fb776a94273e161d,priority-matrix-v2-draft,rules,03_operacional_marcadores_extraidos,xgboost
SYN-20260806-000424,2,2,alta,alta,0.0008544884094234,0.0026029499878479,0.9953768316479444,0.0011657299547843,20260806,NAR-SYN-20260806-000424-b17217274f,template-simulator-v2-qualitative,narrativa_soap_v2_qualitative,b17217274f07a74982ea874dcffb6294699f1376001ca0c3fff651bfa3d72f22,rule-dictionary-qualified-v2,ontology_v2,success,0,6.0,0,demonstracao_precarregada,d57a115fee476ed40a7803999845c9441079393e5bde9a00fb776a94273e161d,priority-matrix-v2-draft,rules,03_operacional_marcadores_extraidos,xgboost
SYN-20260806-000078,2,1,alta,moderada,0.0126884625899668,0.9279856658056744,0.057014357152591,0.0023115144517676,20260806,NAR-SYN-20260806-000078-cf7393e169,template-simulator-v2-qualitative,narrativa_soap_v2_qualitative,cf7393e169f061ff2591d6113c383e184c8edd6b1a380076289106383ce655b8,rule-dictionary-qualified-v2,ontology_v2,success,0,3.1,0,demonstracao_precarregada,d57a115fee476ed40a7803999845c9441079393e5bde9a00fb776a94273e161d,priority-matrix-v2-draft,rules,03_operacional_marcadores_extraidos,xgboost
SYN-20260806-000632,2,2,alta,alta,0.0082250833970964,0.1877971153024422,0.8019859835616461,0.0019918177388151,20260806,NAR-SYN-20260806-000632-2fe3b7b10f,template-simulator-v2-qualitative,narrativa_soap_v2_qualitative,2fe3b7b10f54aec3ec80218e33d25fea2f8b81210a0b19d12d8ff7c5d352182c,rule-dictionary-qualified-v2,ontology_v2,success,0,4.3,0,demonstracao_precarregada,d57a115fee476ed40a7803999845c9441079393e5bde9a00fb776a94273e161d,priority-matrix-v2-draft,rules,03_operacional_marcadores_extraidos,xgboost
SYN-20260806-000461,2,2,alta,alta,0.0031713532611531,0.0210452982197104,0.9740826874228888,0.0017006610962475,20260806,NAR-SYN-20260806-000461-904b864b5a,template-simulator-v2-qualitative,narrativa_soap_v2_qualitative,904b864b5ac1c1465c047791007b3fd5410e3d6170e656157b8fbfab2dc29884,rule-dictionary-qualified-v2,ontology_v2,success,0,3.6,0,demonstracao_precarregada,d57a115fee476ed40a7803999845c9441079393e5bde9a00fb776a94273e161d,priority-matrix-v2-draft,rules,03_operacional_marcadores_extraidos,xgboost
SYN-20260806-000700,1,1,moderada,moderada,0.0845450751650687,0.8521546648047579,0.0599085534418429,0.0033917065883304,20260806,NAR-SYN-20260806-000700-71d7de5aaf,template-simulator-v2-qualitative,narrativa_soap_v2_qualitative,71d7de5aafc81977fef978bdd7f51b5de32c2157c74ac431806adaa08f03960e,rule-dictionary-qualified-v2,ontology_v2,success,0,2.4,0,demonstracao_precarregada,d57a115fee476ed40a7803999845c9441079393e5bde9a00fb776a94273e161d,priority-matrix-v2-draft,rules,03_operacional_marcadores_extraidos,xgboost
SYN-20260806-000123,1,1,moderada,moderada,0.0248342625829919,0.9650245454922772,0.0081192721910198,0.0020219197337107,20260806,NAR-SYN-20260806-000123-3ecb524c3e,template-simulator-v2-qualitative,narrativa_soap_v2_qualitative,3ecb524c3e7a552cb7da20738309e21d60975ef7ab690f056cffdc74ddbf7e78,rule-dictionary-qualified-v2,ontology_v2,success,0,1.2,0,demonstracao_precarregada,d57a115fee476ed40a7803999845c9441079393e5bde9a00fb776a94273e161d,priority-matrix-v2-draft,rules,03_operacional_marcadores_extraidos,xgboost
SYN-20260806-000782,0,0,baixa,baixa,0.9697211798219476,0.0285218836956873,0.0014344997201079,0.0003224367622572,20260806,NAR-SYN-20260806-000782-df68040ebb,template-simulator-v2-qualitative,narrativa_soap_v2_qualitative,df68040ebb0e55a6add586c29d65b28a9cea0d631c33a18e7c19ad0c7d42f4e7,rule-dictionary-qualified-v2,ontology_v2,success,0,0.7,0,demonstracao_precarregada,d57a115fee476ed40a7803999845c9441079393e5bde9a00fb776a94273e161d,priority-matrix-v2-draft,rules,03_operacional_marcadores_extraidos,xgboost
SYN-20260806-000482,1,1,moderada,moderada,0.2444998155687837,0.7147151611175054,0.0370482375023416,0.0037367858113691,20260806,NAR-SYN-20260806-000482-1402e1b944,template-simulator-v2-qualitative,narrativa_soap_v2_qualitative,1402e1b94428e797bde359b9880f9bb94bce72ad55569760fe23984a48c73e4e,rule-dictionary-qualified-v2,ontology_v2,success,0,1.2,0,demonstracao_precarregada,d57a115fee476ed40a7803999845c9441079393e5bde9a00fb776a94273e161d,priority-matrix-v2-draft,rules,03_operacional_marcadores_extraidos,xgboost
SYN-20260806-000083,0,0,baixa,baixa,0.8918682536234063,0.098558704642413,0.0087433770136011,0.0008296647205795,20260806,NAR-SYN-20260806-000083-ba0564a361,template-simulator-v2-qualitative,narrativa_soap_v2_qualitative,ba0564a361876040dbd33a0a00b9df896f4965f464fdc88ac757751aa607dd7b,rule-dictionary-qualified-v2,ontology_v2,success,0,0.7,0,demonstracao_precarregada,d57a115fee476ed40a7803999845c9441079393e5bde9a00fb776a94273e161d,priority-matrix-v2-draft,rules,03_operacional_marcadores_extraidos,xgboost
SYN-20260806-000220,1,1,moderada,moderada,0.0245341857542387,0.930802978388148,0.0254253366393421,0.0192374992182711,20260806,NAR-SYN-20260806-000220-977aafaff7,template-simulator-v2-qualitative,narrativa_soap_v2_qualitative,977aafaff78558b11ff6ed149ebdcf25bbf7138a1eecad53d07a13b87270fe74,rule-dictionary-qualified-v2,ontology_v2,success,0,2.25,0,demonstracao_precarregada,d57a115fee476ed40a7803999845c9441079393e5bde9a00fb776a94273e161d,priority-matrix-v2-draft,rules,03_operacional_marcadores_extraidos,xgboost
SYN-20260806-000344,2,2,alta,alta,0.0010165398502883,0.0026352456240102,0.9947562017369987,0.0015920127887024,20260806,NAR-SYN-20260806-000344-5a02f3ed85,template-simulator-v2-qualitative,narrativa_soap_v2_qualitative,5a02f3ed85abe31e47ceac658bc8aa90990c953c8d466e767bb217e6db285c3c,rule-dictionary-qualified-v2,ontology_v2,success,0,6.85,0,demonstracao_precarregada,d57a115fee476ed40a7803999845c9441079393e5bde9a00fb776a94273e161d,priority-matrix-v2-draft,rules,03_operacional_marcadores_extraidos,xgboost
SYN-20260806-000171,2,2,alta,alta,0.0006936301984096,0.0023489624866979,0.9966163098378376,0.0003410974770546,20260806,NAR-SYN-20260806-000171-82c9da5d96,template-simulator-v2-qualitative,narrativa_soap_v2_qualitative,82c9da5d962f9c6167d7a37dfdd88ca316ea892bad0c067eeed0a4622e76f6e2,rule-dictionary-qualified-v2,ontology_v2,success,0,6.0,0,demonstracao_precarregada,d57a115fee476ed40a7803999845c9441079393e5bde9a00fb776a94273e161d,priority-matrix-v2-draft,rules,03_operacional_marcadores_extraidos,xgboost
SYN-20260806-000206,1,1,moderada,moderada,0.1971428800959667,0.7681960902173873,0.031418967348321,0.0032420623383248,20260806,NAR-SYN-20260806-000206-f2d3b9425a,template-simulator-v2-qualitative,narrativa_soap_v2_qualitative,f2d3b9425a808607c51f6dd0874f8de3661438e7b51e352ec44b128cf3d544df,rule-dictionary-qualified-v2,ontology_v2,success,0,1.9,0,demonstracao_precarregada,d57a115fee476ed40a7803999845c9441079393e5bde9a00fb776a94273e161d,priority-matrix-v2-draft,rules,03_operacional_marcadores_extraidos,xgboost
SYN-20260806-000381,2,2,alta,alta,0.0085799822388826,0.2096912363548303,0.7799281886935692,0.0018005927127178,20260806,NAR-SYN-20260806-000381-87c5f75f7d,template-simulator-v2-qualitative,narrativa_soap_v2_qualitative,87c5f75f7d69623f3572fd2bff59e7e19d9a8db3284b13afb0516c4d4f51fcb3,rule-dictionary-qualified-v2,ontology_v2,success,0,3.1,0,demonstracao_precarregada,d57a115fee476ed40a7803999845c9441079393e5bde9a00fb776a94273e161d,priority-matrix-v2-draft,rules,03_operacional_marcadores_extraidos,xgboost
SYN-20260806-000605,1,1,moderada,moderada,0.040485971524319,0.7828932568571514,0.171571735162627,0.0050490364559025,20260806,NAR-SYN-20260806-000605-d2c46018ae,template-simulator-v2-qualitative,narrativa_soap_v2_qualitative,d2c46018ae36626106c66bf240a45eefd0cd05f500fc9b82eba489b29982366a,rule-dictionary-qualified-v2,ontology_v2,success,0,2.4,0,demonstracao_precarregada,d57a115fee476ed40a7803999845c9441079393e5bde9a00fb776a94273e161d,priority-matrix-v2-draft,rules,03_operacional_marcadores_extraidos,xgboost
SYN-20260806-000042,0,1,baixa,moderada,0.4289614229235323,0.5503889878601631,0.0176116319964731,0.0030379572198314,20260806,NAR-SYN-20260806-000042-783c1584e0,template-simulator-v2-qualitative,narrativa_soap_v2_qualitative,783c1584e040921a0c870b3ef301b37a343a7e266a2588a1d273c002ae834c90,rule-dictionary-qualified-v2,ontology_v2,success,0,0.85,0,demonstracao_precarregada,d57a115fee476ed40a7803999845c9441079393e5bde9a00fb776a94273e161d,priority-matrix-v2-draft,rules,03_operacional_marcadores_extraidos,xgboost
SYN-20260806-000380,0,0,baixa,baixa,0.533404220639273,0.4182314790944931,0.0448155766901307,0.0035487235761031,20260806,NAR-SYN-20260806-000380-e9c97a7e27,template-simulator-v2-qualitative,narrativa_soap_v2_qualitative,e9c97a7e273600eb1d79e0d26742b3b4ca0dd15120f343536c3c3c92d9c183ea,rule-dictionary-qualified-v2,ontology_v2,success,0,0.7,0,demonstracao_precarregada,d57a115fee476ed40a7803999845c9441079393e5bde9a00fb776a94273e161d,priority-matrix-v2-draft,rules,03_operacional_marcadores_extraidos,xgboost
SYN-20260806-000579,1,1,moderada,moderada,0.0199014966593581,0.7687785978070718,0.2067343378169764,0.0045855677165935,20260806,NAR-SYN-20260806-000579-66079452d8,template-simulator-v2-qualitative,narrativa_soap_v2_qualitative,66079452d8722ba1ba5111dbffd65c81ec329b7789ee2bc916bd1f3e829a8dec,rule-dictionary-qualified-v2,ontology_v2,success,0,2.25,0,demonstracao_precarregada,d57a115fee476ed40a7803999845c9441079393e5bde9a00fb776a94273e161d,priority-matrix-v2-draft,rules,03_operacional_marcadores_extraidos,xgboost
SYN-20260806-000005,1,1,moderada,moderada,0.0137863292875598,0.9766401819345276,0.0082098521442985,0.001363636633614,20260806,NAR-SYN-20260806-000005-c0b4f1874c,template-simulator-v2-qualitative,narrativa_soap_v2_qualitative,c0b4f1874cbf9cb15893ad6524aebe0bf6c88077e1ad45fe04c79cc47cc22c37,rule-dictionary-qualified-v2,ontology_v2,success,0,1.9,0,demonstracao_precarregada,d57a115fee476ed40a7803999845c9441079393e5bde9a00fb776a94273e161d,priority-matrix-v2-draft,rules,03_operacional_marcadores_extraidos,xgboost
SYN-20260806-000181,1,1,moderada,moderada,0.0192367624035765,0.945658163408061,0.032162018666935,0.0029430555214274,20260806,NAR-SYN-20260806-000181-355b26fc4e,template-simulator-v2-qualitative,narrativa_soap_v2_qualitative,355b26fc4e9efbbc65ea6dcad49b34ff624dc0c5bc973720cead2b7bd1ab9db2,rule-dictionary-qualified-v2,ontology_v2,success,0,2.4,0,demonstracao_precarregada,d57a115fee476ed40a7803999845c9441079393e5bde9a00fb776a94273e161d,priority-matrix-v2-draft,rules,03_operacional_marcadores_extraidos,xgboost
SYN-20260806-000493,0,0,baixa,baixa,0.9592374643611364,0.039298015623909,0.001160601002983,0.0003039190119713,20260806,NAR-SYN-20260806-000493-ba65a6b58e,template-simulator-v2-qualitative,narrativa_soap_v2_qualitative,ba65a6b58e36d90630f8aa6da9b4cd59b8dc6f6e9654fbb647b2b975eeb85420,rule-dictionary-qualified-v2,ontology_v2,success,0,0.7,0,demonstracao_precarregada,d57a115fee476ed40a7803999845c9441079393e5bde9a00fb776a94273e161d,priority-matrix-v2-draft,rules,03_operacional_marcadores_extraidos,xgboost
SYN-20260806-000139,3,3,urgente,urgente,0.0030793928812946,0.0048242191682038,0.1073882407788843,0.8847081471716172,20260806,NAR-SYN-20260806-000139-46dab9ed0a,template-simulator-v2-qualitative,narrativa_soap_v2_qualitative,46dab9ed0aa8e38abc450bee8af612538cdfb1871b97427c4c502dd974476f3e,rule-dictionary-qualified-v2,ontology_v2,success,0,7.7,1,demonstracao_precarregada,d57a115fee476ed40a7803999845c9441079393e5bde9a00fb776a94273e161d,priority-matrix-v2-draft,rules,03_operacional_marcadores_extraidos,xgboost
SYN-20260806-000731,2,2,alta,alta,0.0059205442498925,0.0603567722428426,0.9310328201713304,0.0026898633359344,20260806,NAR-SYN-20260806-000731-ca7523a10a,template-simulator-v2-qualitative,narrativa_soap_v2_qualitative,ca7523a10af78bb7d137f74adba4aeff5d3ced55bc953827195f3b40b700ea8d,rule-dictionary-qualified-v2,ontology_v2,success,0,4.3,0,demonstracao_precarregada,d57a115fee476ed40a7803999845c9441079393e5bde9a00fb776a94273e161d,priority-matrix-v2-draft,rules,03_operacional_marcadores_extraidos,xgboost
SYN-20260806-000676,1,1,moderada,moderada,0.0284248378864654,0.8602841260962055,0.1079505280198285,0.0033405079975005,20260806,NAR-SYN-20260806-000676-8dd2a2824b,template-simulator-v2-qualitative,narrativa_soap_v2_qualitative,8dd2a2824bdbd7cfe14e03147d5219a7dabd4aa83cbfdb1e38fc3159a745cbf0,rule-dictionary-qualified-v2,ontology_v2,success,0,2.75,0,demonstracao_precarregada,d57a115fee476ed40a7803999845c9441079393e5bde9a00fb776a94273e161d,priority-matrix-v2-draft,rules,03_operacional_marcadores_extraidos,xgboost
SYN-20260806-000244,2,2,alta,alta,0.0112804308380322,0.477972790832701,0.5076218408151927,0.003124937514074,20260806,NAR-SYN-20260806-000244-e81f4dd7c3,template-simulator-v2-qualitative,narrativa_soap_v2_qualitative,e81f4dd7c32bb1f82790d6b4b63b63cec42e3f7b1b8c32dbbcc6c252001f07a3,rule-dictionary-qualified-v2,ontology_v2,success,0,4.8,0,demonstracao_precarregada,d57a115fee476ed40a7803999845c9441079393e5bde9a00fb776a94273e161d,priority-matrix-v2-draft,rules,03_operacional_marcadores_extraidos,xgboost
SYN-20260806-000141,0,0,baixa,baixa,0.976218978373491,0.0225558313563111,0.0009781339703313,0.0002470562998664,20260806,NAR-SYN-20260806-000141-343724fb6d,template-simulator-v2-qualitative,narrativa_soap_v2_qualitative,343724fb6d95f301db0cff074fe36d3ace37040593f04621f961e27eb1e78845,rule-dictionary-qualified-v2,ontology_v2,success,0,0.0,0,demonstracao_precarregada,d57a115fee476ed40a7803999845c9441079393e5bde9a00fb776a94273e161d,priority-matrix-v2-draft,rules,03_operacional_marcadores_extraidos,xgboost
SYN-20260806-000602,0,0,baixa,baixa,0.8671166654550471,0.1180028509906628,0.0045634907326617,0.0103169928216284,20260806,NAR-SYN-20260806-000602-4dec133389,template-simulator-v2-qualitative,narrativa_soap_v2_qualitative,4dec13338950aadee0caeb5d5e51675dfdd0f1a2fe92fd05eb6059ec2b2c6a87,rule-dictionary-qualified-v2,ontology_v2,success,0,0.7,0,demonstracao_precarregada,d57a115fee476ed40a7803999845c9441079393e5bde9a00fb776a94273e161d,priority-matrix-v2-draft,rules,03_operacional_marcadores_extraidos,xgboost
SYN-20260806-000694,2,2,alta,alta,0.0035715347588396,0.0188381534999539,0.9755517275194352,0.0020385842217712,20260806,NAR-SYN-20260806-000694-0418e3ae85,template-simulator-v2-qualitative,narrativa_soap_v2_qualitative,0418e3ae8568b647644a2e7226e8df12f345dcc4b1cedbaa090c4edbcee7fd25,rule-dictionary-qualified-v2,ontology_v2,success,0,4.3,0,demonstracao_precarregada,d57a115fee476ed40a7803999845c9441079393e5bde9a00fb776a94273e161d,priority-matrix-v2-draft,rules,03_operacional_marcadores_extraidos,xgboost
SYN-20260806-000261,2,2,alta,alta,0.0019903654067886,0.0207925161795974,0.9723538589469972,0.0048632594666168,20260806,NAR-SYN-20260806-000261-f75d18b862,template-simulator-v2-qualitative,narrativa_soap_v2_qualitative,f75d18b8620478d3ede369efe903d1560e9b2129919889eddf6a8faf1f5d331a,rule-dictionary-qualified-v2,ontology_v2,success,0,4.8,0,demonstracao_precarregada,d57a115fee476ed40a7803999845c9441079393e5bde9a00fb776a94273e161d,priority-matrix-v2-draft,rules,03_operacional_marcadores_extraidos,xgboost
SYN-20260806-000213,0,1,baixa,moderada,0.4401263675403805,0.5227314571805604,0.0330494737703147,0.0040927015087444,20260806,NAR-SYN-20260806-000213-114946d1f8,template-simulator-v2-qualitative,narrativa_soap_v2_qualitative,114946d1f8f4da6067f552a0a3628131eff4016d81ad833769a49ec96c5122b0,rule-dictionary-qualified-v2,ontology_v2,success,0,1.0499999999999998,0,demonstracao_precarregada,d57a115fee476ed40a7803999845c9441079393e5bde9a00fb776a94273e161d,priority-matrix-v2-draft,rules,03_operacional_marcadores_extraidos,xgboost
SYN-20260806-000421,2,2,alta,alta,0.0030526597447516,0.0633705619758746,0.9322690203817768,0.0013077578975968,20260806,NAR-SYN-20260806-000421-4b24744a0f,template-simulator-v2-qualitative,narrativa_soap_v2_qualitative,4b24744a0fd93787b1475b4be37e024e4235b4640eec8cc4a64dde938cb66d2c,rule-dictionary-qualified-v2,ontology_v2,success,0,4.3,0,demonstracao_precarregada,d57a115fee476ed40a7803999845c9441079393e5bde9a00fb776a94273e161d,priority-matrix-v2-draft,rules,03_operacional_marcadores_extraidos,xgboost
SYN-20260806-000503,2,2,alta,alta,0.001647630739024,0.0022814116677063,0.9932193846864544,0.0028515729068152,20260806,NAR-SYN-20260806-000503-4f4e3b0401,template-simulator-v2-qualitative,narrativa_soap_v2_qualitative,4f4e3b040163371cb43271adc6959ed75cf8c8abe07009cddd78235f44f88be9,rule-dictionary-qualified-v2,ontology_v2,success,0,4.8,0,demonstracao_precarregada,d57a115fee476ed40a7803999845c9441079393e5bde9a00fb776a94273e161d,priority-matrix-v2-draft,rules,03_operacional_marcadores_extraidos,xgboost
SYN-20260806-000451,2,2,alta,alta,0.0020383385705223,0.0073830034080383,0.9858638079551756,0.0047148500662639,20260806,NAR-SYN-20260806-000451-9a47ab538b,template-simulator-v2-qualitative,narrativa_soap_v2_qualitative,9a47ab538b203633ea3a443abc611046ff479993d6230e1b2f46402a92b565f0,rule-dictionary-qualified-v2,ontology_v2,success,0,3.95,0,demonstracao_precarregada,d57a115fee476ed40a7803999845c9441079393e5bde9a00fb776a94273e161d,priority-matrix-v2-draft,rules,03_operacional_marcadores_extraidos,xgboost
SYN-20260806-000067,1,1,moderada,moderada,0.0233942540635794,0.9677219191377652,0.0071765382921022,0.0017072885065532,20260806,NAR-SYN-20260806-000067-529818f6eb,template-simulator-v2-qualitative,narrativa_soap_v2_qualitative,529818f6ebe2fb9a17c7c7a7cc2766994d82cadaf816df34710461071cd54d6b,rule-dictionary-qualified-v2,ontology_v2,success,0,1.9,0,demonstracao_precarregada,d57a115fee476ed40a7803999845c9441079393e5bde9a00fb776a94273e161d,priority-matrix-v2-draft,rules,03_operacional_marcadores_extraidos,xgboost
SYN-20260806-000691,2,2,alta,alta,0.0011232710876339,0.0028367082627974,0.993074077174572,0.0029659434749965,20260806,NAR-SYN-20260806-000691-a525dc5fba,template-simulator-v2-qualitative,narrativa_soap_v2_qualitative,a525dc5fba00528ee2fab0193e742c5aa05ddb7ec187be87b43b460968244c49,rule-dictionary-qualified-v2,ontology_v2,success,0,4.8,0,demonstracao_precarregada,d57a115fee476ed40a7803999845c9441079393e5bde9a00fb776a94273e161d,priority-matrix-v2-draft,rules,03_operacional_marcadores_extraidos,xgboost
SYN-20260806-000768,2,2,alta,alta,0.0018693635588316,0.0036183718379403,0.9846092277995676,0.0099030368036603,20260806,NAR-SYN-20260806-000768-f5df7d6b79,template-simulator-v2-qualitative,narrativa_soap_v2_qualitative,f5df7d6b7964283b40177725fa25ebf337e497650bf4f7447d89d6c46a805b14,rule-dictionary-qualified-v2,ontology_v2,success,0,5.65,0,demonstracao_precarregada,d57a115fee476ed40a7803999845c9441079393e5bde9a00fb776a94273e161d,priority-matrix-v2-draft,rules,03_operacional_marcadores_extraidos,xgboost
SYN-20260806-000039,2,2,alta,alta,0.0017450654007156,0.0038233598957435,0.9925557209904404,0.0018758537131004,20260806,NAR-SYN-20260806-000039-2392fead14,template-simulator-v2-qualitative,narrativa_soap_v2_qualitative,2392fead14dc3ef6e01d48b3087b683bdc7ba8d0f9c51803ae698624f8d9de3c,rule-dictionary-qualified-v2,ontology_v2,success,0,6.0,0,demonstracao_precarregada,d57a115fee476ed40a7803999845c9441079393e5bde9a00fb776a94273e161d,priority-matrix-v2-draft,rules,03_operacional_marcadores_extraidos,xgboost
SYN-20260806-000678,1,1,moderada,moderada,0.4101091269901187,0.4580118892330933,0.1271752250901975,0.0047037586865904,20260806,NAR-SYN-20260806-000678-e5183ac748,template-simulator-v2-qualitative,narrativa_soap_v2_qualitative,e5183ac748befefd9f5c56eb3145d1f096c705ab180233a9f40b13094f6bd113,rule-dictionary-qualified-v2,ontology_v2,success,0,1.2,0,demonstracao_precarregada,d57a115fee476ed40a7803999845c9441079393e5bde9a00fb776a94273e161d,priority-matrix-v2-draft,rules,03_operacional_marcadores_extraidos,xgboost
SYN-20260806-000036,2,2,alta,alta,0.0008239421281573,0.0040664020859485,0.9942826016433588,0.0008270541425353,20260806,NAR-SYN-20260806-000036-97b7e3bf92,template-simulator-v2-qualitative,narrativa_soap_v2_qualitative,97b7e3bf92235cab819bc83cf8ca2cc1615760d30cf8732134a3890f6115f7b0,rule-dictionary-qualified-v2,ontology_v2,success,0,6.0,0,demonstracao_precarregada,d57a115fee476ed40a7803999845c9441079393e5bde9a00fb776a94273e161d,priority-matrix-v2-draft,rules,03_operacional_marcadores_extraidos,xgboost
SYN-20260806-000367,1,1,moderada,moderada,0.013598966079346,0.9518076600254624,0.0326383277235189,0.0019550461716725,20260806,NAR-SYN-20260806-000367-be1e99c5d6,template-simulator-v2-qualitative,narrativa_soap_v2_qualitative,be1e99c5d607061041cfe18b22e8a3f08b1564845b87740cc2b8b976a5fb68fa,rule-dictionary-qualified-v2,ontology_v2,success,0,1.9,0,demonstracao_precarregada,d57a115fee476ed40a7803999845c9441079393e5bde9a00fb776a94273e161d,priority-matrix-v2-draft,rules,03_operacional_marcadores_extraidos,xgboost
SYN-20260806-000284,1,1,moderada,moderada,0.0481299136921365,0.9250642773021632,0.0240331559070866,0.0027726530986135,20260806,NAR-SYN-20260806-000284-103bb4f613,template-simulator-v2-qualitative,narrativa_soap_v2_qualitative,103bb4f613035bcdcb24c3bafcb3c9a9c33a49da75794d418dcb106ce87aff8e,rule-dictionary-qualified-v2,ontology_v2,success,0,1.4,0,demonstracao_precarregada,d57a115fee476ed40a7803999845c9441079393e5bde9a00fb776a94273e161d,priority-matrix-v2-draft,rules,03_operacional_marcadores_extraidos,xgboost
SYN-20260806-000441,0,0,baixa,baixa,0.7948891679770678,0.19404894537396,0.0043382111415691,0.0067236755074031,20260806,NAR-SYN-20260806-000441-bf14af4f84,template-simulator-v2-qualitative,narrativa_soap_v2_qualitative,bf14af4f849ad6bbb2f6eadde337ec819926b483bdca2a1bbc11543af3704549,rule-dictionary-qualified-v2,ontology_v2,success,0,1.0499999999999998,0,demonstracao_precarregada,d57a115fee476ed40a7803999845c9441079393e5bde9a00fb776a94273e161d,priority-matrix-v2-draft,rules,03_operacional_marcadores_extraidos,xgboost
SYN-20260806-000538,0,0,baixa,baixa,0.9787077191928812,0.0200702160900845,0.0009738330719524,0.0002482316450818,20260806,NAR-SYN-20260806-000538-1392cc1a88,template-simulator-v2-qualitative,narrativa_soap_v2_qualitative,1392cc1a88fc6139d0a0c2dd6b87464a2a7d9ca09a8d40b58b403ff6cb19b5bf,rule-dictionary-qualified-v2,ontology_v2,success,0,0.35,0,demonstracao_precarregada,d57a115fee476ed40a7803999845c9441079393e5bde9a00fb776a94273e161d,priority-matrix-v2-draft,rules,03_operacional_marcadores_extraidos,xgboost
SYN-20260806-000544,3,3,urgente,urgente,0.0024394027797611,0.0051978123867773,0.0615019823525375,0.930860802480924,20260806,NAR-SYN-20260806-000544-f2bd1a396a,template-simulator-v2-qualitative,narrativa_soap_v2_qualitative,f2bd1a396afe1f52ad0a55725a65af4587848f7db1c95b69445fea365af39e0a,rule-dictionary-qualified-v2,ontology_v2,success,0,5.65,1,demonstracao_precarregada,d57a115fee476ed40a7803999845c9441079393e5bde9a00fb776a94273e161d,priority-matrix-v2-draft,rules,03_operacional_marcadores_extraidos,xgboost
SYN-20260806-000659,3,2,urgente,alta,0.0016486880644682,0.0042050245244916,0.7459856010915761,0.248160686319464,20260806,NAR-SYN-20260806-000659-514ac70979,template-simulator-v2-qualitative,narrativa_soap_v2_qualitative,514ac7097977746884c6fc566b1d7e78faa5ce07a0091b93f1c6f810e633050c,rule-dictionary-qualified-v2,ontology_v2,success,0,5.65,1,demonstracao_precarregada,d57a115fee476ed40a7803999845c9441079393e5bde9a00fb776a94273e161d,priority-matrix-v2-draft,rules,03_operacional_marcadores_extraidos,xgboost
SYN-20260806-000390,3,3,urgente,urgente,0.0020579414580251,0.003626662180051,0.0609378646309885,0.9333775317309352,20260806,NAR-SYN-20260806-000390-7b7b1b6f22,template-simulator-v2-qualitative,narrativa_soap_v2_qualitative,7b7b1b6f22aabdab21b89d4cbbc7313cb9d87140a120804cf540330a99a8946c,rule-dictionary-qualified-v2,ontology_v2,success,0,6.85,1,demonstracao_precarregada,d57a115fee476ed40a7803999845c9441079393e5bde9a00fb776a94273e161d,priority-matrix-v2-draft,rules,03_operacional_marcadores_extraidos,xgboost
SYN-20260806-000488,1,1,moderada,moderada,0.0327465107913713,0.904735920505638,0.0580259821803931,0.0044915865225977,20260806,NAR-SYN-20260806-000488-5f2743a7c6,template-simulator-v2-qualitative,narrativa_soap_v2_qualitative,5f2743a7c6508be535002c1b76227562f7980442eab9ddfe02cf4d8333f93051,rule-dictionary-qualified-v2,ontology_v2,success,0,2.4,0,demonstracao_precarregada,d57a115fee476ed40a7803999845c9441079393e5bde9a00fb776a94273e161d,priority-matrix-v2-draft,rules,03_operacional_marcadores_extraidos,xgboost
SYN-20260806-000463,1,1,moderada,moderada,0.0088566181693433,0.7111957929231552,0.2771524590237383,0.0027951298837632,20260806,NAR-SYN-20260806-000463-cb55cca695,template-simulator-v2-qualitative,narrativa_soap_v2_qualitative,cb55cca695084af4cae9dd3761432973471af0b3b9496dd21387852eadc7f610,rule-dictionary-qualified-v2,ontology_v2,success,0,2.6,0,demonstracao_precarregada,d57a115fee476ed40a7803999845c9441079393e5bde9a00fb776a94273e161d,priority-matrix-v2-draft,rules,03_operacional_marcadores_extraidos,xgboost
SYN-20260806-000248,1,1,moderada,moderada,0.2870135852571036,0.6676374555704075,0.0395515628610926,0.0057973963113962,20260806,NAR-SYN-20260806-000248-6ec0a5cf7c,template-simulator-v2-qualitative,narrativa_soap_v2_qualitative,6ec0a5cf7c7e46f2aa86c1a3e15e043c9c6494a4824043c39c125a0335ed4253,rule-dictionary-qualified-v2,ontology_v2,success,0,1.2,0,demonstracao_precarregada,d57a115fee476ed40a7803999845c9441079393e5bde9a00fb776a94273e161d,priority-matrix-v2-draft,rules,03_operacional_marcadores_extraidos,xgboost
SYN-20260806-000395,0,0,baixa,baixa,0.8942236128351895,0.1009157876187507,0.0041228615799029,0.0007377379661568,20260806,NAR-SYN-20260806-000395-7953245783,template-simulator-v2-qualitative,narrativa_soap_v2_qualitative,7953245783f299fdcf6395d9438cc2928d51ae25d8e5b599458f5395d8de5dc9,rule-dictionary-qualified-v2,ontology_v2,success,0,0.7,0,demonstracao_precarregada,d57a115fee476ed40a7803999845c9441079393e5bde9a00fb776a94273e161d,priority-matrix-v2-draft,rules,03_operacional_marcadores_extraidos,xgboost
SYN-20260806-000009,2,2,alta,alta,0.0021082666222845,0.0665459647127959,0.9197550016961666,0.0115907669687528,20260806,NAR-SYN-20260806-000009-8547f21d2f,template-simulator-v2-qualitative,narrativa_soap_v2_qualitative,8547f21d2f3779fcb59de8b3173d7653f29cdd584b5ba0e474d20180ec4c0b13,rule-dictionary-qualified-v2,ontology_v2,success,0,4.65,0,demonstracao_precarregada,d57a115fee476ed40a7803999845c9441079393e5bde9a00fb776a94273e161d,priority-matrix-v2-draft,rules,03_operacional_marcadores_extraidos,xgboost
SYN-20260806-000339,2,2,alta,alta,0.0042059341955801,0.0680340223653561,0.9243261125530065,0.0034339308860574,20260806,NAR-SYN-20260806-000339-870c992cde,template-simulator-v2-qualitative,narrativa_soap_v2_qualitative,870c992cdebfd0a73126f694896aa48a8bc79b3d09d2e6399f666e357f40f82c,rule-dictionary-qualified-v2,ontology_v2,success,0,4.3,0,demonstracao_precarregada,d57a115fee476ed40a7803999845c9441079393e5bde9a00fb776a94273e161d,priority-matrix-v2-draft,rules,03_operacional_marcadores_extraidos,xgboost
SYN-20260806-000241,2,1,alta,moderada,0.0148229153758826,0.5648611256323705,0.4164681485053952,0.0038478104863516,20260806,NAR-SYN-20260806-000241-e879c0d71c,template-simulator-v2-qualitative,narrativa_soap_v2_qualitative,e879c0d71ce429a82b78e9ac6e72a6381d6fc267f61e7214e2909b62e43fa01c,rule-dictionary-qualified-v2,ontology_v2,success,0,3.95,0,demonstracao_precarregada,d57a115fee476ed40a7803999845c9441079393e5bde9a00fb776a94273e161d,priority-matrix-v2-draft,rules,03_operacional_marcadores_extraidos,xgboost
SYN-20260806-000529,2,1,alta,moderada,0.0048833932717225,0.9345250901990878,0.0586991097672441,0.0018924067619454,20260806,NAR-SYN-20260806-000529-6f3702c422,template-simulator-v2-qualitative,narrativa_soap_v2_qualitative,6f3702c42282b9aa92e55d901ccadd0473a1f17b4fee55b593861e3ea141a9f1,rule-dictionary-qualified-v2,ontology_v2,success,0,3.6,0,demonstracao_precarregada,d57a115fee476ed40a7803999845c9441079393e5bde9a00fb776a94273e161d,priority-matrix-v2-draft,rules,03_operacional_marcadores_extraidos,xgboost
SYN-20260806-000512,2,2,alta,alta,0.0007537024737113,0.0023170967876665,0.9961609765013606,0.0007682242372615,20260806,NAR-SYN-20260806-000512-acaf3f6a91,template-simulator-v2-qualitative,narrativa_soap_v2_qualitative,acaf3f6a9170bc0b4c3196ce06696c31fa2ab20fea424f4167a61587e3e172c9,rule-dictionary-qualified-v2,ontology_v2,success,0,7.199999999999999,0,demonstracao_precarregada,d57a115fee476ed40a7803999845c9441079393e5bde9a00fb776a94273e161d,priority-matrix-v2-draft,rules,03_operacional_marcadores_extraidos,xgboost
SYN-20260806-000569,1,1,moderada,moderada,0.301680197559328,0.5082646445044035,0.18640434143045,0.0036508165058184,20260806,NAR-SYN-20260806-000569-1b1cfc5ee4,template-simulator-v2-qualitative,narrativa_soap_v2_qualitative,1b1cfc5ee49f10a50b1bb0d300864cf49be0e9b6b6511644146055d31555d938,rule-dictionary-qualified-v2,ontology_v2,success,0,1.9,0,demonstracao_precarregada,d57a115fee476ed40a7803999845c9441079393e5bde9a00fb776a94273e161d,priority-matrix-v2-draft,rules,03_operacional_marcadores_extraidos,xgboost
SYN-20260806-000098,2,2,alta,alta,0.0012277083125812,0.00238421817779,0.990865895900961,0.0055221776086677,20260806,NAR-SYN-20260806-000098-a3d7f91170,template-simulator-v2-qualitative,narrativa_soap_v2_qualitative,a3d7f911707c298e7fe30acb067a2fec8fd32e836c09870e3effc5d523befb23,rule-dictionary-qualified-v2,ontology_v2,success,0,8.05,0,demonstracao_precarregada,d57a115fee476ed40a7803999845c9441079393e5bde9a00fb776a94273e161d,priority-matrix-v2-draft,rules,03_operacional_marcadores_extraidos,xgboost
SYN-20260806-000530,2,2,alta,alta,0.0014435733929905,0.0031193292295826,0.990566196017855,0.0048709013595717,20260806,NAR-SYN-20260806-000530-830c2f3734,template-simulator-v2-qualitative,narrativa_soap_v2_qualitative,830c2f37344a47b182d733c9357504777b002b1289d59b505ee47b7140e5811b,rule-dictionary-qualified-v2,ontology_v2,success,0,6.0,0,demonstracao_precarregada,d57a115fee476ed40a7803999845c9441079393e5bde9a00fb776a94273e161d,priority-matrix-v2-draft,rules,03_operacional_marcadores_extraidos,xgboost
SYN-20260806-000456,2,2,alta,alta,0.0024679687253619,0.012447240718941,0.9811226095266548,0.003962181029042,20260806,NAR-SYN-20260806-000456-bab9810ff4,template-simulator-v2-qualitative,narrativa_soap_v2_qualitative,bab9810ff4c8f8900b3e986700f6d70a500dac04c39e32c82d9349260cde7285,rule-dictionary-qualified-v2,ontology_v2,success,0,4.8,0,demonstracao_precarregada,d57a115fee476ed40a7803999845c9441079393e5bde9a00fb776a94273e161d,priority-matrix-v2-draft,rules,03_operacional_marcadores_extraidos,xgboost
SYN-20260806-000438,2,2,alta,alta,0.0079808203642493,0.0962126137295192,0.8943978742186935,0.0014086916875379,20260806,NAR-SYN-20260806-000438-8523b510be,template-simulator-v2-qualitative,narrativa_soap_v2_qualitative,8523b510beaf39aec0e692cb1de9ec0d0be5e5129fc593f501486859e9a16470,rule-dictionary-qualified-v2,ontology_v2,success,0,3.1,0,demonstracao_precarregada,d57a115fee476ed40a7803999845c9441079393e5bde9a00fb776a94273e161d,priority-matrix-v2-draft,rules,03_operacional_marcadores_extraidos,xgboost
SYN-20260806-000444,2,2,alta,alta,0.0008337536037778,0.0023230087450477,0.9956281772215936,0.0012150604295809,20260806,NAR-SYN-20260806-000444-6ac11f6ea1,template-simulator-v2-qualitative,narrativa_soap_v2_qualitative,6ac11f6ea115aeb36cb0a679b28dfbaffc1aa0ce8288cff04046e815aceaa644,rule-dictionary-qualified-v2,ontology_v2,success,0,8.05,0,demonstracao_precarregada,d57a115fee476ed40a7803999845c9441079393e5bde9a00fb776a94273e161d,priority-matrix-v2-draft,rules,03_operacional_marcadores_extraidos,xgboost
SYN-20260806-000718,1,1,moderada,moderada,0.0391654428435517,0.9290994259651472,0.0291629671272582,0.0025721640640427,20260806,NAR-SYN-20260806-000718-efd84794d2,template-simulator-v2-qualitative,narrativa_soap_v2_qualitative,efd84794d276002287887f57895b0baf511bd83c192fe03c46ae64ebce1f9799,rule-dictionary-qualified-v2,ontology_v2,success,0,1.9,0,demonstracao_precarregada,d57a115fee476ed40a7803999845c9441079393e5bde9a00fb776a94273e161d,priority-matrix-v2-draft,rules,03_operacional_marcadores_extraidos,xgboost
SYN-20260806-000625,2,2,alta,alta,0.0027333380325695,0.0223177884661308,0.9714129715366828,0.0035359019646168,20260806,NAR-SYN-20260806-000625-27113af210,template-simulator-v2-qualitative,narrativa_soap_v2_qualitative,27113af210e9d4bda7194eefc7dedd13941551c2843993296e115587526ddfd6,rule-dictionary-qualified-v2,ontology_v2,success,0,5.15,0,demonstracao_precarregada,d57a115fee476ed40a7803999845c9441079393e5bde9a00fb776a94273e161d,priority-matrix-v2-draft,rules,03_operacional_marcadores_extraidos,xgboost
SYN-20260806-000097,2,2,alta,alta,0.0050455459233012,0.0861514756299797,0.9070713584943566,0.0017316199523623,20260806,NAR-SYN-20260806-000097-f13c025b2c,template-simulator-v2-qualitative,narrativa_soap_v2_qualitative,f13c025b2c01b577f7ff40fda2d90930a9a2d82a9d99cf413fe2b5c1e1612916,rule-dictionary-qualified-v2,ontology_v2,success,0,3.45,0,demonstracao_precarregada,d57a115fee476ed40a7803999845c9441079393e5bde9a00fb776a94273e161d,priority-matrix-v2-draft,rules,03_operacional_marcadores_extraidos,xgboost
SYN-20260806-000669,2,2,alta,alta,0.0010129409909343,0.0143586348256342,0.9839268165824798,0.0007016076009515,20260806,NAR-SYN-20260806-000669-4993bb0c0a,template-simulator-v2-qualitative,narrativa_soap_v2_qualitative,4993bb0c0a490c99d1c73085bf2919bb97ada362e28884946d076c683b9b74b5,rule-dictionary-qualified-v2,ontology_v2,success,0,5.15,0,demonstracao_precarregada,d57a115fee476ed40a7803999845c9441079393e5bde9a00fb776a94273e161d,priority-matrix-v2-draft,rules,03_operacional_marcadores_extraidos,xgboost
SYN-20260806-000572,2,2,alta,alta,0.0155734690921514,0.2587558047951112,0.7158851074159106,0.0097856186968268,20260806,NAR-SYN-20260806-000572-c4a7b42ff7,template-simulator-v2-qualitative,narrativa_soap_v2_qualitative,c4a7b42ff7a2a0e108348d65b2c817bdec21e1b6a69af708330ebc3d73898a17,rule-dictionary-qualified-v2,ontology_v2,success,0,3.95,0,demonstracao_precarregada,d57a115fee476ed40a7803999845c9441079393e5bde9a00fb776a94273e161d,priority-matrix-v2-draft,rules,03_operacional_marcadores_extraidos,xgboost
SYN-20260806-000018,1,1,moderada,moderada,0.0112097353323425,0.9561732739166172,0.0312080635315338,0.0014089272195064,20260806,NAR-SYN-20260806-000018-96e0d8b3ba,template-simulator-v2-qualitative,narrativa_soap_v2_qualitative,96e0d8b3ba44b1cec8b7d0ffd592a8b317a1dc1abb88e3964350557eeac6e209,rule-dictionary-qualified-v2,ontology_v2,success,0,2.25,0,demonstracao_precarregada,d57a115fee476ed40a7803999845c9441079393e5bde9a00fb776a94273e161d,priority-matrix-v2-draft,rules,03_operacional_marcadores_extraidos,xgboost
SYN-20260806-000536,1,2,moderada,alta,0.0626428551279075,0.2498013881341043,0.6812681305128232,0.0062876262251648,20260806,NAR-SYN-20260806-000536-a4b8b308cb,template-simulator-v2-qualitative,narrativa_soap_v2_qualitative,a4b8b308cb120bce49345cc99b5b7648899afcdc91bdf61e2ac1dd3a3d5a96ff,rule-dictionary-qualified-v2,ontology_v2,success,0,2.75,0,demonstracao_precarregada,d57a115fee476ed40a7803999845c9441079393e5bde9a00fb776a94273e161d,priority-matrix-v2-draft,rules,03_operacional_marcadores_extraidos,xgboost
SYN-20260806-000214,0,0,baixa,baixa,0.8002391229027805,0.1907240537973865,0.0081164579840775,0.0009203653157553,20260806,NAR-SYN-20260806-000214-d055f5fc40,template-simulator-v2-qualitative,narrativa_soap_v2_qualitative,d055f5fc405b3f19cd63a7dee442a13eecf1af99ca4fcd9c878c4c6f68e16aad,rule-dictionary-qualified-v2,ontology_v2,success,0,1.0499999999999998,0,demonstracao_precarregada,d57a115fee476ed40a7803999845c9441079393e5bde9a00fb776a94273e161d,priority-matrix-v2-draft,rules,03_operacional_marcadores_extraidos,xgboost
SYN-20260806-000313,0,1,baixa,moderada,0.0439849953651163,0.8019076698240623,0.1504461823577151,0.0036611524531062,20260806,NAR-SYN-20260806-000313-3a8196b57b,template-simulator-v2-qualitative,narrativa_soap_v2_qualitative,3a8196b57b0db07e74a01fe248bdf56da53652fa91a6e1bc82fd8037585261a3,rule-dictionary-qualified-v2,ontology_v2,success,0,1.0499999999999998,0,demonstracao_precarregada,d57a115fee476ed40a7803999845c9441079393e5bde9a00fb776a94273e161d,priority-matrix-v2-draft,rules,03_operacional_marcadores_extraidos,xgboost
SYN-20260806-000550,2,2,alta,alta,0.0024475951971323,0.007100794218575,0.982849330343064,0.0076022802412284,20260806,NAR-SYN-20260806-000550-034ef5f74c,template-simulator-v2-qualitative,narrativa_soap_v2_qualitative,034ef5f74cfa43e6e7a7f7de1b734f08a98bc3fa6b715e295df4016b06905a47,rule-dictionary-qualified-v2,ontology_v2,success,0,4.8,0,demonstracao_precarregada,d57a115fee476ed40a7803999845c9441079393e5bde9a00fb776a94273e161d,priority-matrix-v2-draft,rules,03_operacional_marcadores_extraidos,xgboost
SYN-20260806-000725,2,2,alta,alta,0.0008636647743879,0.0068161156237746,0.9905319108932276,0.00178830870861,20260806,NAR-SYN-20260806-000725-fff503dd72,template-simulator-v2-qualitative,narrativa_soap_v2_qualitative,fff503dd72f5034add9eebe14360d4210ad2b79258f5126af571d19bef13d716,rule-dictionary-qualified-v2,ontology_v2,success,0,6.35,0,demonstracao_precarregada,d57a115fee476ed40a7803999845c9441079393e5bde9a00fb776a94273e161d,priority-matrix-v2-draft,rules,03_operacional_marcadores_extraidos,xgboost
SYN-20260806-000774,2,2,alta,alta,0.0033155652506098,0.0018618911689163,0.9941438063248856,0.0006787372555882,20260806,NAR-SYN-20260806-000774-d729fea7f0,template-simulator-v2-qualitative,narrativa_soap_v2_qualitative,d729fea7f05cebb213c2b61ce0bc224eafaf1f00281f0c88bf58623f92448234,rule-dictionary-qualified-v2,ontology_v2,success,0,5.65,0,demonstracao_precarregada,d57a115fee476ed40a7803999845c9441079393e5bde9a00fb776a94273e161d,priority-matrix-v2-draft,rules,03_operacional_marcadores_extraidos,xgboost
SYN-20260806-000791,2,2,alta,alta,0.0036770556351359,0.0997517834930573,0.8947188087350357,0.0018523521367709,20260806,NAR-SYN-20260806-000791-414d689ff6,template-simulator-v2-qualitative,narrativa_soap_v2_qualitative,414d689ff6871fe07fc59bfdac6a9c00d7a078d2ac7e017ec4821b400e170c5c,rule-dictionary-qualified-v2,ontology_v2,success,0,3.95,0,demonstracao_precarregada,d57a115fee476ed40a7803999845c9441079393e5bde9a00fb776a94273e161d,priority-matrix-v2-draft,rules,03_operacional_marcadores_extraidos,xgboost
SYN-20260806-000362,0,0,baixa,baixa,0.8201717847003916,0.1702528917335254,0.0078563747144132,0.0017189488516696,20260806,NAR-SYN-20260806-000362-43ce9883ee,template-simulator-v2-qualitative,narrativa_soap_v2_qualitative,43ce9883eedbfec1fbaa0ef4863d8837177a7d1f5c6eb9c4040e993f9f65e918,rule-dictionary-qualified-v2,ontology_v2,success,0,1.0499999999999998,0,demonstracao_precarregada,d57a115fee476ed40a7803999845c9441079393e5bde9a00fb776a94273e161d,priority-matrix-v2-draft,rules,03_operacional_marcadores_extraidos,xgboost
SYN-20260806-000155,2,1,alta,moderada,0.0116731344363457,0.5187560179793047,0.4670230918157197,0.0025477557686297,20260806,NAR-SYN-20260806-000155-db4573a47b,template-simulator-v2-qualitative,narrativa_soap_v2_qualitative,db4573a47b36686c983e576e72590e433b7a6af85900a52d23d0617d9b80a1f9,rule-dictionary-qualified-v2,ontology_v2,success,0,3.45,0,demonstracao_precarregada,d57a115fee476ed40a7803999845c9441079393e5bde9a00fb776a94273e161d,priority-matrix-v2-draft,rules,03_operacional_marcadores_extraidos,xgboost
SYN-20260806-000483,2,2,alta,alta,0.0052550926067151,0.0751197896984044,0.9180117391335092,0.0016133785613712,20260806,NAR-SYN-20260806-000483-edd541d88a,template-simulator-v2-qualitative,narrativa_soap_v2_qualitative,edd541d88afc12a1b62eccae520f6937c60b3a4a4694a5d53b2bf184520e67af,rule-dictionary-qualified-v2,ontology_v2,success,0,3.95,0,demonstracao_precarregada,d57a115fee476ed40a7803999845c9441079393e5bde9a00fb776a94273e161d,priority-matrix-v2-draft,rules,03_operacional_marcadores_extraidos,xgboost
SYN-20260806-000596,1,1,moderada,moderada,0.1405561686565767,0.8427805727895604,0.0120479937036932,0.0046152648501695,20260806,NAR-SYN-20260806-000596-afe9e1a25a,template-simulator-v2-qualitative,narrativa_soap_v2_qualitative,afe9e1a25a46437f8e4e0da8c0c68b0997905f1afcbf7fb2b95230e4c81b6305,rule-dictionary-qualified-v2,ontology_v2,success,0,1.2,0,demonstracao_precarregada,d57a115fee476ed40a7803999845c9441079393e5bde9a00fb776a94273e161d,priority-matrix-v2-draft,rules,03_operacional_marcadores_extraidos,xgboost
SYN-20260806-000575,2,2,alta,alta,0.0030319664589509,0.0109926589861517,0.9846814271388922,0.001293947416005,20260806,NAR-SYN-20260806-000575-b25e335f36,template-simulator-v2-qualitative,narrativa_soap_v2_qualitative,b25e335f3686045c23bcd2156a13b0d01bb04eb22ea96d7983ed57411b742baf,rule-dictionary-qualified-v2,ontology_v2,success,0,4.3,0,demonstracao_precarregada,d57a115fee476ed40a7803999845c9441079393e5bde9a00fb776a94273e161d,priority-matrix-v2-draft,rules,03_operacional_marcadores_extraidos,xgboost
SYN-20260806-000518,1,1,moderada,moderada,0.0343652518203726,0.9065824193255158,0.05527920674197,0.0037731221121415,20260806,NAR-SYN-20260806-000518-836e1971f5,template-simulator-v2-qualitative,narrativa_soap_v2_qualitative,836e1971f5b039e32c313ab5bd87c7068787ef44c1df19748d0136571c5c64e9,rule-dictionary-qualified-v2,ontology_v2,success,0,1.5499999999999998,0,demonstracao_precarregada,d57a115fee476ed40a7803999845c9441079393e5bde9a00fb776a94273e161d,priority-matrix-v2-draft,rules,03_operacional_marcadores_extraidos,xgboost
SYN-20260806-000003,2,2,alta,alta,0.0015588025213105,0.0045922815406152,0.9886086503841548,0.0052402655539195,20260806,NAR-SYN-20260806-000003-590805d24b,template-simulator-v2-qualitative,narrativa_soap_v2_qualitative,590805d24b300baa71eaa71e61566b22e79f73b33c3b0feccff85a2309742dab,rule-dictionary-qualified-v2,ontology_v2,success,0,5.65,0,demonstracao_precarregada,d57a115fee476ed40a7803999845c9441079393e5bde9a00fb776a94273e161d,priority-matrix-v2-draft,rules,03_operacional_marcadores_extraidos,xgboost
SYN-20260806-000087,1,1,moderada,moderada,0.0211371166491413,0.9695949633456356,0.0074191126645703,0.0018488073406527,20260806,NAR-SYN-20260806-000087-3a78c74ab8,template-simulator-v2-qualitative,narrativa_soap_v2_qualitative,3a78c74ab815ab1e1606bc70e4717938496bad59d47ce34430b592cd83481870,rule-dictionary-qualified-v2,ontology_v2,success,0,1.2,0,demonstracao_precarregada,d57a115fee476ed40a7803999845c9441079393e5bde9a00fb776a94273e161d,priority-matrix-v2-draft,rules,03_operacional_marcadores_extraidos,xgboost
SYN-20260806-000256,2,2,alta,alta,0.0005946025954419,0.0014733617147246,0.9973549653579412,0.0005770703318921,20260806,NAR-SYN-20260806-000256-962d8b7940,template-simulator-v2-qualitative,narrativa_soap_v2_qualitative,962d8b7940bfa65028ce88814e100f6e49a3ff3317198502a813039cb3494b1a,rule-dictionary-qualified-v2,ontology_v2,success,0,8.05,0,demonstracao_precarregada,d57a115fee476ed40a7803999845c9441079393e5bde9a00fb776a94273e161d,priority-matrix-v2-draft,rules,03_operacional_marcadores_extraidos,xgboost
SYN-20260806-000233,0,0,baixa,baixa,0.9343419022235384,0.0634649500883134,0.0017510424316282,0.0004421052565197,20260806,NAR-SYN-20260806-000233-2a7f0cc4b9,template-simulator-v2-qualitative,narrativa_soap_v2_qualitative,2a7f0cc4b9ddefebad38770158d3a713bd20bd4c1e3061cb7d9fe54f4ff1dcc6,rule-dictionary-qualified-v2,ontology_v2,success,0,0.35,0,demonstracao_precarregada,d57a115fee476ed40a7803999845c9441079393e5bde9a00fb776a94273e161d,priority-matrix-v2-draft,rules,03_operacional_marcadores_extraidos,xgboost
SYN-20260806-000761,2,2,alta,alta,0.0023180075938825,0.0042229456942285,0.9903951095876298,0.0030639371242591,20260806,NAR-SYN-20260806-000761-98e5c92dc0,template-simulator-v2-qualitative,narrativa_soap_v2_qualitative,98e5c92dc053b73e44c97733b23c6cf535fb277e3ef2f302b68bfcf29016056f,rule-dictionary-qualified-v2,ontology_v2,success,0,7.199999999999999,0,demonstracao_precarregada,d57a115fee476ed40a7803999845c9441079393e5bde9a00fb776a94273e161d,priority-matrix-v2-draft,rules,03_operacional_marcadores_extraidos,xgboost
SYN-20260806-000576,2,2,alta,alta,0.0253995388804603,0.1286680362924224,0.8431730024990101,0.0027594223281071,20260806,NAR-SYN-20260806-000576-7e9097cfe1,template-simulator-v2-qualitative,narrativa_soap_v2_qualitative,7e9097cfe185cf6782773730e1af49f5db32d455bf8ce07eb35ba52cfa68840e,rule-dictionary-qualified-v2,ontology_v2,success,0,3.1,0,demonstracao_precarregada,d57a115fee476ed40a7803999845c9441079393e5bde9a00fb776a94273e161d,priority-matrix-v2-draft,rules,03_operacional_marcadores_extraidos,xgboost
SYN-20260806-000394,1,1,moderada,moderada,0.0363851823590419,0.5199756035953306,0.4267375179133145,0.0169016961323128,20260806,NAR-SYN-20260806-000394-1ed3617d67,template-simulator-v2-qualitative,narrativa_soap_v2_qualitative,1ed3617d67e81a7ba48017e3a2268f2d5c96fca53aaf9ac75d52aa1c85a94bb6,rule-dictionary-qualified-v2,ontology_v2,success,0,2.75,0,demonstracao_precarregada,d57a115fee476ed40a7803999845c9441079393e5bde9a00fb776a94273e161d,priority-matrix-v2-draft,rules,03_operacional_marcadores_extraidos,xgboost
SYN-20260806-000439,1,1,moderada,moderada,0.0119685800272352,0.494285074900173,0.4914538840868706,0.0022924609857211,20260806,NAR-SYN-20260806-000439-8785ff3bbc,template-simulator-v2-qualitative,narrativa_soap_v2_qualitative,8785ff3bbcd87dd8ec28009607266205e3c557cb3457b4d5f9a41f64ca5ca891,rule-dictionary-qualified-v2,ontology_v2,success,0,2.4,0,demonstracao_precarregada,d57a115fee476ed40a7803999845c9441079393e5bde9a00fb776a94273e161d,priority-matrix-v2-draft,rules,03_operacional_marcadores_extraidos,xgboost
SYN-20260806-000115,1,0,moderada,baixa,0.4698588632138946,0.2052103763890402,0.3210776504317354,0.0038531099653298,20260806,NAR-SYN-20260806-000115-1571e69eee,template-simulator-v2-qualitative,narrativa_soap_v2_qualitative,1571e69eee956f7c07553770dce7cf59a8451d4338c54e8400207b286c855ddf,rule-dictionary-qualified-v2,ontology_v2,success,0,1.9,0,demonstracao_precarregada,d57a115fee476ed40a7803999845c9441079393e5bde9a00fb776a94273e161d,priority-matrix-v2-draft,rules,03_operacional_marcadores_extraidos,xgboost
SYN-20260806-000316,3,3,urgente,urgente,0.0020165581672685,0.0043112911917554,0.0413044959488826,0.9523676546920936,20260806,NAR-SYN-20260806-000316-b43c536910,template-simulator-v2-qualitative,narrativa_soap_v2_qualitative,b43c536910a4de5f4dec7fbddcb0f5d580d58f7c5d979991fdf34c9c8a3d0185,rule-dictionary-qualified-v2,ontology_v2,success,0,6.85,1,demonstracao_precarregada,d57a115fee476ed40a7803999845c9441079393e5bde9a00fb776a94273e161d,priority-matrix-v2-draft,rules,03_operacional_marcadores_extraidos,xgboost
SYN-20260806-000336,0,0,baixa,baixa,0.6090674523703913,0.3704698756874723,0.0178136624278939,0.0026490095142423,20260806,NAR-SYN-20260806-000336-71ca728eae,template-simulator-v2-qualitative,narrativa_soap_v2_qualitative,71ca728eaee35e6e8f24f48dbeed9a8840484627d9b3197855919a14c6e81bbb,rule-dictionary-qualified-v2,ontology_v2,success,0,0.85,0,demonstracao_precarregada,d57a115fee476ed40a7803999845c9441079393e5bde9a00fb776a94273e161d,priority-matrix-v2-draft,rules,03_operacional_marcadores_extraidos,xgboost
SYN-20260806-000399,0,0,baixa,baixa,0.957581196807774,0.0386649620768597,0.0030313121752589,0.0007225289401071,20260806,NAR-SYN-20260806-000399-57ff678341,template-simulator-v2-qualitative,narrativa_soap_v2_qualitative,57ff67834108b66758b2fa7820f807e27e88e37d65e069eb1907655dc7c37c25,rule-dictionary-qualified-v2,ontology_v2,success,0,0.35,0,demonstracao_precarregada,d57a115fee476ed40a7803999845c9441079393e5bde9a00fb776a94273e161d,priority-matrix-v2-draft,rules,03_operacional_marcadores_extraidos,xgboost
SYN-20260806-000701,2,2,alta,alta,0.0023104023015514,0.0769514317741039,0.9194296900275132,0.0013084758968313,20260806,NAR-SYN-20260806-000701-293baff167,template-simulator-v2-qualitative,narrativa_soap_v2_qualitative,293baff167a7ffa168ad36e98bd303db59e34d9a6fed6394ec0d679a4b3847df,rule-dictionary-qualified-v2,ontology_v2,success,0,4.3,0,demonstracao_precarregada,d57a115fee476ed40a7803999845c9441079393e5bde9a00fb776a94273e161d,priority-matrix-v2-draft,rules,03_operacional_marcadores_extraidos,xgboost
SYN-20260806-000369,2,2,alta,alta,0.0014886622695621,0.0056305828275908,0.991363607784152,0.0015171471186948,20260806,NAR-SYN-20260806-000369-3c780d3c3c,template-simulator-v2-qualitative,narrativa_soap_v2_qualitative,3c780d3c3cb467154580eaac515925765d60b8bbe12e1527e25f98bd59049fb3,rule-dictionary-qualified-v2,ontology_v2,success,0,6.0,0,demonstracao_precarregada,d57a115fee476ed40a7803999845c9441079393e5bde9a00fb776a94273e161d,priority-matrix-v2-draft,rules,03_operacional_marcadores_extraidos,xgboost
SYN-20260806-000186,2,2,alta,alta,0.0006769715581188,0.0013269724805793,0.9971305564864488,0.0008654994748529,20260806,NAR-SYN-20260806-000186-65fc8140cd,template-simulator-v2-qualitative,narrativa_soap_v2_qualitative,65fc8140cdefc636d20161c077928e313100a74c7b81c92e7d7ff99f7ac92312,rule-dictionary-qualified-v2,ontology_v2,success,0,7.7,0,demonstracao_precarregada,d57a115fee476ed40a7803999845c9441079393e5bde9a00fb776a94273e161d,priority-matrix-v2-draft,rules,03_operacional_marcadores_extraidos,xgboost
SYN-20260806-000587,2,2,alta,alta,0.0007308860791189,0.00902636179303,0.9897559464623324,0.0004868056655186,20260806,NAR-SYN-20260806-000587-5eba714bfe,template-simulator-v2-qualitative,narrativa_soap_v2_qualitative,5eba714bfed6f4db378ac7196e867935bc4cdf743b61016a8d0981c69c5993e3,rule-dictionary-qualified-v2,ontology_v2,success,0,3.95,0,demonstracao_precarregada,d57a115fee476ed40a7803999845c9441079393e5bde9a00fb776a94273e161d,priority-matrix-v2-draft,rules,03_operacional_marcadores_extraidos,xgboost
SYN-20260806-000278,0,0,baixa,baixa,0.959937983062548,0.0389024202811189,0.0009103720595399,0.0002492245967931,20260806,NAR-SYN-20260806-000278-5cdc7ce33d,template-simulator-v2-qualitative,narrativa_soap_v2_qualitative,5cdc7ce33d00e207cadd2c950d5c2168685f7cd1b1fdfa9501f9ddf5aedbd833,rule-dictionary-qualified-v2,ontology_v2,success,0,0.35,0,demonstracao_precarregada,d57a115fee476ed40a7803999845c9441079393e5bde9a00fb776a94273e161d,priority-matrix-v2-draft,rules,03_operacional_marcadores_extraidos,xgboost
SYN-20260806-000221,2,2,alta,alta,0.0011779062589232,0.040095179162145,0.9546549055716176,0.0040720090073139,20260806,NAR-SYN-20260806-000221-13b7a2b55d,template-simulator-v2-qualitative,narrativa_soap_v2_qualitative,13b7a2b55da239ba2e4995bb3fafa4b6aff7ec2b06e0f3ad518e7211aa73d8fd,rule-dictionary-qualified-v2,ontology_v2,success,0,4.3,0,demonstracao_precarregada,d57a115fee476ed40a7803999845c9441079393e5bde9a00fb776a94273e161d,priority-matrix-v2-draft,rules,03_operacional_marcadores_extraidos,xgboost
SYN-20260806-000259,1,1,moderada,moderada,0.1329191244930333,0.6074025340375834,0.2535084613500693,0.0061698801193139,20260806,NAR-SYN-20260806-000259-3a9caa7f83,template-simulator-v2-qualitative,narrativa_soap_v2_qualitative,3a9caa7f831f373e845c3b4b19762c1caf5d5aedb1ddf66fcde4975ed6c8ff62,rule-dictionary-qualified-v2,ontology_v2,success,0,2.25,0,demonstracao_precarregada,d57a115fee476ed40a7803999845c9441079393e5bde9a00fb776a94273e161d,priority-matrix-v2-draft,rules,03_operacional_marcadores_extraidos,xgboost
SYN-20260806-000687,2,2,alta,alta,0.0011308667086921,0.0044317716074739,0.9922472299762424,0.0021901317075915,20260806,NAR-SYN-20260806-000687-780742f39e,template-simulator-v2-qualitative,narrativa_soap_v2_qualitative,780742f39e8223ef82762bd02da349ca1595984464e2209fda1b3d9a1d6c0c76,rule-dictionary-qualified-v2,ontology_v2,success,0,7.199999999999999,0,demonstracao_precarregada,d57a115fee476ed40a7803999845c9441079393e5bde9a00fb776a94273e161d,priority-matrix-v2-draft,rules,03_operacional_marcadores_extraidos,xgboost
SYN-20260806-000111,1,1,moderada,moderada,0.0139456756888163,0.911480859300732,0.0724032235362176,0.0021702414742338,20260806,NAR-SYN-20260806-000111-1beda0a7a3,template-simulator-v2-qualitative,narrativa_soap_v2_qualitative,1beda0a7a399728f348da23e8ff21ecd5d78944416b58fbf9f4db20be47550a1,rule-dictionary-qualified-v2,ontology_v2,success,0,2.05,0,demonstracao_precarregada,d57a115fee476ed40a7803999845c9441079393e5bde9a00fb776a94273e161d,priority-matrix-v2-draft,rules,03_operacional_marcadores_extraidos,xgboost
SYN-20260806-000504,1,1,moderada,moderada,0.1198980963411177,0.858169381245907,0.0150312642405479,0.0069012581724272,20260806,NAR-SYN-20260806-000504-1e272da3d5,template-simulator-v2-qualitative,narrativa_soap_v2_qualitative,1e272da3d532981fc105b8368c22c04753caf73eff6e593f990b23a86cfe527f,rule-dictionary-qualified-v2,ontology_v2,success,0,1.2,0,demonstracao_precarregada,d57a115fee476ed40a7803999845c9441079393e5bde9a00fb776a94273e161d,priority-matrix-v2-draft,rules,03_operacional_marcadores_extraidos,xgboost
SYN-20260806-000418,0,0,baixa,baixa,0.9798210450371444,0.0189123909477968,0.0010068515128274,0.0002597125022314,20260806,NAR-SYN-20260806-000418-90d6dbe622,template-simulator-v2-qualitative,narrativa_soap_v2_qualitative,90d6dbe622558a53fd4c00e142495f3ced3625211c788a03569f16e5cc0c74be,rule-dictionary-qualified-v2,ontology_v2,success,0,0.0,0,demonstracao_precarregada,d57a115fee476ed40a7803999845c9441079393e5bde9a00fb776a94273e161d,priority-matrix-v2-draft,rules,03_operacional_marcadores_extraidos,xgboost
SYN-20260806-000757,1,1,moderada,moderada,0.2298023637310551,0.7375801480405088,0.0279665562498031,0.0046509319786329,20260806,NAR-SYN-20260806-000757-d9fded8471,template-simulator-v2-qualitative,narrativa_soap_v2_qualitative,d9fded8471e54feb4ed0f7ebdf12c6de9565292288d60ee8f276c3642965007a,rule-dictionary-qualified-v2,ontology_v2,success,0,1.2,0,demonstracao_precarregada,d57a115fee476ed40a7803999845c9441079393e5bde9a00fb776a94273e161d,priority-matrix-v2-draft,rules,03_operacional_marcadores_extraidos,xgboost
SYN-20260806-000601,0,0,baixa,baixa,0.9855678135437992,0.0131579135333213,0.0009838538298198,0.0002904190930595,20260806,NAR-SYN-20260806-000601-26e5475086,template-simulator-v2-qualitative,narrativa_soap_v2_qualitative,26e5475086b9806bbae703b35ed565d853f47b6e26ff985712e030fcb45a5389,rule-dictionary-qualified-v2,ontology_v2,success,0,0.0,0,demonstracao_precarregada,d57a115fee476ed40a7803999845c9441079393e5bde9a00fb776a94273e161d,priority-matrix-v2-draft,rules,03_operacional_marcadores_extraidos,xgboost
SYN-20260806-000207,2,2,alta,alta,0.0011098304157214,0.0033004098858429,0.9933775925210068,0.0022121671774289,20260806,NAR-SYN-20260806-000207-b591cca9c1,template-simulator-v2-qualitative,narrativa_soap_v2_qualitative,b591cca9c1164d07c1bfcf215805290483179716f3aa4d6d66b1407335b60c7e,rule-dictionary-qualified-v2,ontology_v2,success,0,6.85,0,demonstracao_precarregada,d57a115fee476ed40a7803999845c9441079393e5bde9a00fb776a94273e161d,priority-matrix-v2-draft,rules,03_operacional_marcadores_extraidos,xgboost
SYN-20260806-000179,2,2,alta,alta,0.0085260355964201,0.4637097424786208,0.5251986987775173,0.0025655231474417,20260806,NAR-SYN-20260806-000179-966f1028f3,template-simulator-v2-qualitative,narrativa_soap_v2_qualitative,966f1028f3e4901551111a87543f80f9784de6a69d7bec6a1707fb44aa6df055,rule-dictionary-qualified-v2,ontology_v2,success,0,3.1,0,demonstracao_precarregada,d57a115fee476ed40a7803999845c9441079393e5bde9a00fb776a94273e161d,priority-matrix-v2-draft,rules,03_operacional_marcadores_extraidos,xgboost
SYN-20260806-000231,3,2,urgente,alta,0.0020989610010692,0.0116486128410896,0.8159293997336345,0.1703230264242066,20260806,NAR-SYN-20260806-000231-011bb0c3e6,template-simulator-v2-qualitative,narrativa_soap_v2_qualitative,011bb0c3e62c6a9c302114d89b2541221feb0b3c0431c46b550d4c941b0acf57,rule-dictionary-qualified-v2,ontology_v2,success,0,6.35,1,demonstracao_precarregada,d57a115fee476ed40a7803999845c9441079393e5bde9a00fb776a94273e161d,priority-matrix-v2-draft,rules,03_operacional_marcadores_extraidos,xgboost
