test_row_index,numeric__age_years,numeric__income_brl,numeric__income_normalized,numeric__food_insecurity,numeric__poor_housing,numeric__social_vulnerability,numeric__mental_health_history,numeric__chronic_condition,numeric__recent_service_contact,numeric__phq9_total,numeric__gad7_total,numeric__idate_estado_total,numeric__marker_ideacao_suicida_present,numeric__marker_ideacao_suicida_negated,numeric__marker_ideacao_suicida_remote_present,numeric__marker_ideacao_suicida_severity_code,numeric__marker_planejamento_suicida_present,numeric__marker_planejamento_suicida_negated,numeric__marker_planejamento_suicida_remote_present,numeric__marker_planejamento_suicida_severity_code,numeric__marker_autoagressao_iminente_present,numeric__marker_autoagressao_iminente_negated,numeric__marker_autoagressao_iminente_remote_present,numeric__marker_autoagressao_iminente_severity_code,numeric__marker_risco_violencia_present,numeric__marker_risco_violencia_negated,numeric__marker_risco_violencia_remote_present,numeric__marker_risco_violencia_severity_code,numeric__marker_sintomas_psicoticos_present,numeric__marker_sintomas_psicoticos_negated,numeric__marker_sintomas_psicoticos_remote_present,numeric__marker_sintomas_psicoticos_severity_code,numeric__marker_uso_problematico_substancias_present,numeric__marker_uso_problematico_substancias_negated,numeric__marker_uso_problematico_substancias_remote_present,numeric__marker_uso_problematico_substancias_severity_code,numeric__marker_internacao_previa_present,numeric__marker_internacao_previa_negated,numeric__marker_internacao_previa_remote_present,numeric__marker_internacao_previa_severity_code,numeric__marker_agravamento_recente_present,numeric__marker_agravamento_recente_negated,numeric__marker_agravamento_recente_remote_present,numeric__marker_agravamento_recente_severity_code,numeric__marker_suporte_social_baixo_present,numeric__marker_suporte_social_baixo_negated,numeric__marker_suporte_social_baixo_remote_present,numeric__marker_suporte_social_baixo_severity_code,numeric__marker_comprometimento_funcional_present,numeric__marker_comprometimento_funcional_negated,numeric__marker_comprometimento_funcional_remote_present,numeric__marker_comprometimento_funcional_severity_code,categorical__gender_category_feminino,categorical__gender_category_masculino,categorical__gender_category_outro_ou_nao_informado,categorical__education_fundamental_ou_menos,categorical__education_medio,categorical__education_superior,categorical__marker_ideacao_suicida_temporality_atual,categorical__marker_ideacao_suicida_temporality_nao_especificado,categorical__marker_ideacao_suicida_severity_ausente,categorical__marker_ideacao_suicida_severity_moderado,categorical__marker_ideacao_suicida_certainty_afirmado,categorical__marker_ideacao_suicida_certainty_incerto,categorical__marker_ideacao_suicida_experiencer_paciente,categorical__marker_planejamento_suicida_temporality_atual,categorical__marker_planejamento_suicida_temporality_nao_especificado,categorical__marker_planejamento_suicida_severity_alto,categorical__marker_planejamento_suicida_severity_ausente,categorical__marker_planejamento_suicida_certainty_afirmado,categorical__marker_planejamento_suicida_experiencer_paciente,categorical__marker_autoagressao_iminente_temporality_atual,categorical__marker_autoagressao_iminente_temporality_nao_especificado,categorical__marker_autoagressao_iminente_severity_alto,categorical__marker_autoagressao_iminente_severity_ausente,categorical__marker_autoagressao_iminente_certainty_afirmado,categorical__marker_autoagressao_iminente_experiencer_paciente,categorical__marker_risco_violencia_temporality_atual,categorical__marker_risco_violencia_temporality_nao_especificado,categorical__marker_risco_violencia_severity_alto,categorical__marker_risco_violencia_severity_ausente,categorical__marker_risco_violencia_certainty_afirmado,categorical__marker_risco_violencia_experiencer_paciente,categorical__marker_sintomas_psicoticos_temporality_atual,categorical__marker_sintomas_psicoticos_temporality_nao_especificado,categorical__marker_sintomas_psicoticos_severity_alto,categorical__marker_sintomas_psicoticos_severity_ausente,categorical__marker_sintomas_psicoticos_severity_moderado,categorical__marker_sintomas_psicoticos_certainty_afirmado,categorical__marker_sintomas_psicoticos_certainty_incerto,categorical__marker_sintomas_psicoticos_experiencer_paciente,categorical__marker_sintomas_psicoticos_experiencer_terceiro,categorical__marker_uso_problematico_substancias_temporality_atual,categorical__marker_uso_problematico_substancias_temporality_nao_especificado,categorical__marker_uso_problematico_substancias_severity_ausente,categorical__marker_uso_problematico_substancias_severity_moderado,categorical__marker_uso_problematico_substancias_certainty_afirmado,categorical__marker_uso_problematico_substancias_certainty_incerto,categorical__marker_uso_problematico_substancias_experiencer_paciente,categorical__marker_uso_problematico_substancias_experiencer_terceiro,categorical__marker_internacao_previa_temporality_nao_especificado,categorical__marker_internacao_previa_temporality_remoto,categorical__marker_internacao_previa_severity_ausente,categorical__marker_internacao_previa_severity_leve,categorical__marker_internacao_previa_certainty_afirmado,categorical__marker_internacao_previa_certainty_incerto,categorical__marker_internacao_previa_experiencer_paciente,categorical__marker_agravamento_recente_temporality_atual,categorical__marker_agravamento_recente_temporality_nao_especificado,categorical__marker_agravamento_recente_severity_ausente,categorical__marker_agravamento_recente_severity_moderado,categorical__marker_agravamento_recente_certainty_afirmado,categorical__marker_agravamento_recente_certainty_incerto,categorical__marker_agravamento_recente_experiencer_paciente,categorical__marker_suporte_social_baixo_temporality_atual,categorical__marker_suporte_social_baixo_temporality_nao_especificado,categorical__marker_suporte_social_baixo_severity_ausente,categorical__marker_suporte_social_baixo_severity_leve,categorical__marker_suporte_social_baixo_certainty_afirmado,categorical__marker_suporte_social_baixo_certainty_incerto,categorical__marker_suporte_social_baixo_experiencer_paciente,categorical__marker_comprometimento_funcional_temporality_atual,categorical__marker_comprometimento_funcional_temporality_nao_especificado,categorical__marker_comprometimento_funcional_severity_ausente,categorical__marker_comprometimento_funcional_severity_importante,categorical__marker_comprometimento_funcional_severity_leve,categorical__marker_comprometimento_funcional_severity_moderado,categorical__marker_comprometimento_funcional_certainty_afirmado,categorical__marker_comprometimento_funcional_certainty_incerto,categorical__marker_comprometimento_funcional_experiencer_paciente
0,0.0006698807340192467,0.0025961733050012172,0.0044477429315134456,0.0035063588578326185,0.0033826873907014466,0.01187096517160662,0.003504557686562487,0.0016413308813907606,0.0020157354025358,0.05942298178569578,0.037311154638690204,0.06539968359408567,0.0026566591795152516,0.0011261562078952287,0.00026785395767244815,0.004397744582573242,0.01469706176322148,0.004754632509697473,0.0,0.01629800984384417,0.0006521981430849152,0.0004578374258343285,0.0,0.0004182351682282181,0.02586327745070509,0.004152572744211722,0.0,0.024830092796663004,0.0033586309122646566,0.0032754133792296065,0.0,0.004234085317995276,0.0013866414473590791,0.0022868717509462407,0.0,0.0018917743669487458,0.0010077693781800159,0.0010404026056489574,0.0005806097962951796,0.000624362346031833,0.009196244590055306,0.0049010745681719314,0.0,0.008062781447118852,0.01329223854427602,0.005006540589234147,0.0,0.009184243999427846,0.017271184352558682,0.005676080549195269,0.0,0.05410537416468818,0.0007946739412705456,0.00012366419040674845,0.000333949718295995,0.002309628632174145,0.0015614186625287952,0.0025581902765229353,0.0004666046743771205,0.0005140274038443293,0.004443956976848098,0.0044136242839846775,3.454327598011272e-05,5.6416046660707975e-05,0.0,0.0002082209745049216,0.00022126311772841076,0.017240346407098192,0.018693949784345115,0.0,0.0,0.0008895230025198634,0.000834649443967906,0.00028593569717371326,0.0006953359600049126,0.0,0.0,0.00031156263654745606,0.0005905086444537315,0.016975681764665768,0.02508059647144785,0.0,0.0,0.0008607802316837088,0.0009491144829185737,0.005139694979623674,0.003873406994670735,8.516226320876339e-06,1.2847248145520412e-06,2.217875881906569e-06,0.0,3.186813713371999e-06,0.0011750412226604761,0.0019836046145141925,0.0014839698818984808,0.0013987173382480663,2.1604994190890378e-05,1.2035817622020562e-05,2.780978731365437e-05,1.669104537555745e-05,0.00030691457901398003,0.00017398262929854883,0.0009786293041534218,0.0006507027399901021,0.00029237592424896295,0.0005140374234980296,0.0,0.0003793435935332058,0.00019981426624520382,0.006143313458967355,0.007275263626321255,9.740206861393874e-05,4.8851674519868586e-05,0.0,0.0007283552016534129,0.00019214160524905763,0.009658193679734712,0.010183819591393035,0.00030414048740323393,0.0005820868315948248,0.0,0.0006541022289985747,0.0002325836276334494,0.015650055776729507,0.022929476075118527,0.004936257016825133,0.006064604037367643,0.00036063909982121006,0.00038637178706385923,0.0
1,0.0026955751054685358,0.003185499637499256,0.0031743270447106564,0.0030285150298322108,0.006567246066124945,0.012467534911929042,0.0038497393989522593,0.0003361497782697062,0.004165435052672974,0.06519096673533442,0.06639316597233988,0.05147162345406366,0.0037148191944756936,0.0012841853700951633,0.0002770554072059829,0.004840887480557743,0.01560819959456071,0.0019040645164821156,0.0,0.017566831539284657,0.0006049736466017724,0.0030291940573146784,0.0,0.00044086573211724056,0.028257824550566107,0.003680659251462156,0.0,0.027134949623092687,0.003825833965826934,0.004488136606974846,0.0,0.004644001821280588,0.0022383393329242227,0.0018572080780919135,0.0,0.002061928624134441,0.0012138991182813316,0.0014948994134492642,0.0007236185689824281,0.0008202346528568177,0.01074848895021284,0.008201195454423623,0.0,0.008610474653336149,0.010730666506120902,0.0029042237630488056,0.0,0.009859158213477394,0.0065263714278700645,0.0016837927530792207,0.0,0.05198375023141001,0.001053304745601229,0.0002504817753854773,0.0004142777271919049,0.0017536792522971632,0.0016607413137831033,0.0006169756886607229,0.0008044302255135506,0.0006680666382671979,0.004628907746524372,0.004365328098971188,9.960988919499617e-05,4.7870835581126684e-05,0.0,0.001934911106469503,0.0028394219550317464,0.018612978494104586,0.019812287100285354,0.0,0.0,0.005812248080359647,0.0027234980984120077,0.00038072087261462105,0.0006850579615610038,0.0,0.0,0.0007207347924590024,0.0006011406626170741,0.018065090150057174,0.02727078045376697,0.0,0.0,0.0015886403193886072,0.001714868626438062,0.005791456838747665,0.004117515740189863,0.0001972033355272636,2.8262508172763726e-06,2.217875881906569e-06,0.0,6.483816651864043e-06,0.0012713303396901545,0.0015030704226294028,0.000957377126913175,0.0013070412035739408,8.197764155908628e-06,1.4763507198744874e-05,4.5578525736582066e-05,4.152989319161494e-05,0.00036370416080242277,0.000229756884041508,0.0016750549067665091,0.0014074373647514071,0.00032213478320473383,0.0005261150118984878,0.0,0.00024943854211768244,0.0006775829907789761,0.006940082358100369,0.008001872395408616,6.861785028506088e-05,3.356031191909522e-05,0.0,0.0021466249714902847,0.0015398133209012965,0.00861465645109474,0.011084467440129198,0.0004711432683846864,0.0007631992735814219,0.0,0.0004640211711790494,0.00025825643802338037,0.005522220148071843,0.022994713338317808,0.008974987131503551,0.006541316453550756,0.002415126511929226,0.002606881330858419,0.0
2,0.0035538674135654627,0.002066459684543957,0.002166639673751332,0.006384127923082526,0.004502129810411473,0.0236243654645562,0.006221755608029227,0.0026890057142364885,0.0029612448222413826,0.0833912803691952,0.036674494640969994,0.08047900033329701,0.0035296592078991294,0.0016872229570661138,0.0006784963168217383,0.004138692589248275,0.02094443476064744,0.003315722913925237,0.0,0.023623528837694203,0.001598577552689711,0.0009590456406015777,0.0,0.0003466042757181983,0.033457710795283854,0.00321566989670402,0.0,0.03522227676210132,0.005530337672157233,0.003320233368430665,0.0,0.006813942737819211,0.002016502599505471,0.002410895332206917,0.0,0.0027825712934730607,0.0010358151349223648,0.0002961000884164242,0.0007029587751712936,0.0015840494572782811,0.013364205618259946,0.01180863603109873,0.0,0.011682632313036451,0.016821137738307318,0.006739378331197513,0.0,0.015734435184647712,0.008294474672254819,0.0020053947810212097,0.0,0.069806423523125,0.0006522543750925567,0.0007794010589317104,0.0004886344143115965,0.0033940890972200084,0.003926923167918324,0.0006673468659583934,0.00098483721270532,0.0013663776582800947,0.005158280772253876,0.003952682642388818,4.709371820911667e-05,6.896557489934372e-05,0.0,0.0021054829366121894,0.0035490558839202874,0.02128211912672124,0.021951383876143916,0.0,0.0,0.001458982345000689,0.00043505396450581877,0.0004359366494183568,0.00071810390810499,0.0,0.0,0.002328681044673352,0.005856935879602663,0.025764082328828007,0.031126802508391428,0.0,0.0,0.0016854685466834657,0.000564162787669484,0.0087877450730416,0.00500854043512223,0.0005550178577276816,1.9940997865659344e-06,2.8625523303700612e-05,0.0,4.637445447861242e-06,0.0012743213958657735,0.0003407541565518029,0.00201393682487881,0.0016301766470501297,2.076416824340388e-05,2.9772014639887988e-05,3.2534885749217947e-05,1.677241066571868e-05,0.0009123217770378397,0.001003185513374329,0.0019262755187480548,0.002073983093680146,0.0003128793806520529,0.0008224535187837039,0.0,0.0009861036252087098,0.001044725673508499,0.010642022068762165,0.007208201042743543,0.00011789910379025696,0.00015634044855590836,0.0,0.001038813286862948,4.9488294167936474e-05,0.012283928336563095,0.012606801420228183,0.000669237040215956,0.0006365799002777867,0.0,0.0006742088337987355,0.00020574623688336663,0.006460875425651156,0.024130472820399866,0.007849380237089788,0.024337044638410067,0.0016050346723097849,0.0011427245054806087,0.0
3,0.0034993659463012153,0.0019162064477449617,0.0031504475556568433,0.002754099147307917,0.003167632423711319,0.01099261531443144,0.004113967991829778,0.001835758521577083,0.0026530063967596705,0.06226709817865789,0.0549976620498786,0.06583173902271809,0.003178531898589325,0.001719766883869904,0.00031071159475007165,0.0050409870156410495,0.015339249154777645,0.0023344631545578823,0.0,0.018337154045612716,0.0010779334270803469,0.00036647604402398554,0.0,0.00041440214883266643,0.025592975837200774,0.004315845213165786,0.0,0.025806527847436027,0.003163552139602268,0.002470274695484292,0.0,0.0040291835582006875,0.0014244901698994895,0.0015977506606909035,0.0,0.0016632263827572886,0.0011519290381360328,0.0011179846076532027,0.0006663811557490108,0.0007354947271584007,0.008933212368637918,0.006090344176566291,0.0,0.009594854431665816,0.0077829702710436495,0.004592228876845647,0.0,0.008022384158153767,0.01643840034491286,0.006783055498935771,0.0,0.053333268442464006,0.0004916293444585811,0.0005702429054104132,0.0003839557728848274,0.0020892974767665416,0.001416029213607074,0.0003596738158612793,0.001231260562196751,0.0015076504161193028,0.0041839818788902,0.004038700841971185,3.525770957207065e-05,4.444354034817684e-05,0.0,0.0023834957264578195,0.00283313412030403,0.016686346317597228,0.01874022883562053,0.0,0.0,0.000973323500814365,0.0007294644389816926,0.000343189377432283,0.0006824410996853261,0.0,0.0,0.0003070746642363177,0.000673034387014361,0.01821514946949809,0.02454323852905901,0.0,0.0,0.0009847844421280506,0.00048435545543989533,0.004903829437391854,0.0037032732487329825,3.208778125716468e-05,8.590658715134793e-07,2.217875881906569e-06,0.0,2.905273027066847e-06,0.0007567667391021064,0.001006743732026446,0.0011259841081667384,0.0011419708339235138,2.8653904023960517e-05,1.7958483922974643e-05,2.8082240410541924e-05,1.7329060945744006e-05,0.00048145053954111526,0.000914929650561705,0.0012214622807744727,0.0009319112416401704,0.0002449127140427146,0.0005411580185170996,0.0,0.0003129039757268085,0.00011964736842657018,0.006327657719945677,0.006868418838967291,5.691352746742236e-05,5.669901905305647e-05,0.0,0.0007432879976115923,0.0001845773499398889,0.006990688505054859,0.008539626128978312,0.0002998342881877374,0.0006130627646018397,0.0,0.0003698412163954376,0.0002097221538313308,0.016285773335782884,0.02201938009840468,0.00377025227367405,0.00563988835990893,0.00024100530674821936,0.0004247368642178767,0.0
4,0.0058370237966162905,0.009104065784117958,0.011530588864623634,0.0051833895625331226,0.003320503266492354,0.00464192941234042,0.008128551556560462,0.0028412947222677017,0.004013385292638706,0.09140588591514975,0.08653218377009744,0.09218575822480352,0.007937799980986069,0.0040299423385337175,0.01157211681697136,0.011790631989670848,0.045506923187071044,0.02321245136328591,0.0,0.04379265394555399,0.002156354994488423,0.00282026838106653,0.0,0.00032986368434115217,0.07569165329270916,0.01299951114531947,0.0,0.06270565516466481,0.015546967394924224,0.010866338202148855,0.0,0.013504602422633356,0.0007213745457044622,0.004866965489509964,0.0,0.0021851542305416577,0.0016975780749947228,0.002352152411239248,0.00046673975922264003,0.0005012815776422368,0.027125887419695904,0.008906483877111206,0.0,0.030129883199976858,0.00733424591812435,0.004778719033042426,0.0,0.008257123713257633,0.012932340667740596,0.0028983151278808975,0.0,0.08409521097130811,0.00034214828202571687,0.0036571956143321,0.0015473902537699652,0.0026284309855565124,0.00276139527028702,0.0006857323405839065,0.0003381694475805875,0.0010504626948145976,0.010012575774747512,0.007738535909027969,9.033640731581475e-05,0.00011180037869247948,0.0,0.0007661295919537626,0.0010629405256754915,0.038015352915977546,0.040514563688208154,0.0,0.0,0.002530153607200776,0.00417246926179429,0.0005313313827911897,0.002139155489030377,0.0,0.0,0.011572222452753798,0.0074037355046592725,0.04390855560618306,0.06142992058742257,0.0,0.0,0.0018998904065439396,0.002677114642896835,0.020598866934828264,0.017211661042786,0.00029281353315410377,7.885347594231193e-06,1.805545020921794e-05,0.0,1.096718545569061e-06,0.002467015219031396,0.0013919579739621823,0.0012219399802624541,0.00144300074349704,2.182212741538833e-05,9.046106840003019e-06,4.8134347402881626e-05,4.437895148223079e-05,0.004052144196883,0.002846453959869018,0.0011827558845792325,0.0014165938471510618,0.004301717473064331,0.0036427014315597262,0.0,0.0006804783920435573,0.00028895303201362455,0.01926102686082259,0.018491210631878044,0.0009117271099587128,0.0003972161681392438,0.0,0.001536534293787252,0.00024932129040531584,0.006161267210936299,0.005962652707409185,0.0004326059928350071,0.0008298691296509564,0.0,0.0007583659423708145,0.0003703576996449513,0.010462471099640484,0.054931162131417584,0.009857765764017768,0.006170419320321334,0.0007762549772291959,0.0018082914500105228,0.0
5,0.0014819852466958707,0.004329076650456969,0.007030737615522784,0.0027806580016234744,0.007427356264733446,0.013607343092904336,0.004980461422437837,0.003752758531832944,0.005134493751421756,0.12019531683286659,0.06371891536899926,0.035802116538265386,0.0044330202498833494,0.0015600577736152798,0.00038204528973577684,0.005074619211820697,0.01943687013436786,0.002593744695874784,0.0,0.025887738902479793,0.0011368149496725783,0.0011975822477004697,0.0,0.0007344791338737978,0.03548813002414416,0.005741662288128582,0.0,0.034314176229232746,0.004570977998500864,0.004528029489763472,0.0,0.005110962467317699,0.0032362947362270748,0.002130850055295826,0.0,0.002105805291070074,0.0011105148662924078,0.002855348123580286,0.0016330167739941862,0.00030921747197873434,0.011977052023241008,0.011495231788288623,0.0,0.010714591478790383,0.017310742508275287,0.007012455177001213,0.0,0.02094511493702057,0.00666931717219725,0.0021793105396811373,0.0,0.06512140531566749,0.0006651698521275018,0.0016210142221503264,0.0028101357166309326,0.006065511977182116,0.0018427553106357833,0.0007433112751561034,0.0013294151093486634,0.0005711400862028386,0.005145471439682762,0.0041267402584150865,0.00010248329063870302,4.388413274484603e-05,0.0,0.0031708832074489805,0.002763488919343543,0.022756595558229363,0.02425045577866203,0.0,0.0,0.005681923874279856,0.002850801288808653,0.00048112347899373765,0.0009281553355400504,0.0,0.0,0.0003954311999596516,0.0014780480256708262,0.020777849457134345,0.03156210579417022,0.0,0.0,0.0020241543089785834,0.0003114026108255876,0.006468990326106255,0.0040103966733930725,7.716772627817203e-05,2.2360640975509295e-06,2.217875881906569e-06,0.0,1.9006003781593904e-06,0.0025547134471049183,0.0021832350421444454,0.0012052378287550347,0.001723638289728476,4.684213792530848e-06,0.0001580665195832265,5.8092842756424094e-05,4.306356564945029e-05,0.0011775233875983885,0.0007763162945829568,0.0016723212252107253,0.0020178377595878602,0.0006691370169126543,0.0013084516686224577,0.0,0.0016573019826789535,0.0007129589406556936,0.006773221074255063,0.008447662184156842,7.239394698347036e-05,6.44278881887046e-05,0.0,0.005094756497211256,0.0010776055355160839,0.015624601996957317,0.012152448757258367,0.0004981891570420591,0.0007799121224337905,0.0,0.0006295205897312896,0.0005154464888598832,0.006878756907461524,0.022153866417485974,0.01039266978440975,0.009314466318640784,0.000639542640645912,0.0017584206521811137,0.0
6,0.003173931944973323,0.0027266722560148693,0.0031350264878286095,0.0028261261816654843,0.0029723978778265544,0.010480212538519329,0.004078199790252029,0.0011891878748013424,0.0024969667710822633,0.05841591831940911,0.054546507166922484,0.06863983498273374,0.0031888861792285397,0.0015166105298856794,0.004693811912284454,0.004475752516288551,0.015238067454446624,0.002621147433688636,0.0,0.017726579929046703,0.0010156797661375716,0.00018764698955902085,0.0,0.00041142322396290254,0.02660770513017653,0.003373565391655963,0.0,0.025252309204219607,0.003102668606101976,0.003075054399359142,0.0,0.004036126365860792,0.0013616471392396707,0.002608778502618642,0.0,0.001572316051362048,0.0013025277245789348,0.0009705245133651156,0.0008585925668174012,0.0007086616762436559,0.008476271040047077,0.005061613354634295,0.0,0.009529758914251653,0.0083670146924121,0.0033978133641659235,0.0,0.008291119145606134,0.018470154326390306,0.005633819473192921,0.0,0.052626162608110746,0.0010659632089836681,0.0005424889928562747,0.0004980715923037641,0.0016522041745729342,0.0013767994180571782,0.001868257002340923,0.0005892173562760552,0.0005190827324666044,0.0038860007658773053,0.003935956422697938,4.9511474683680655e-05,3.311078858560278e-05,0.0,0.0018455793918068855,0.002478658331598455,0.017017128136287845,0.018489934918832527,0.0,0.0,0.0009530188944674241,0.0004896323849794593,0.00020427849229687477,0.0006598145459651677,0.0,0.0,0.0024091638390074314,0.002859830697817644,0.017382275229758024,0.02394730694163665,0.0,0.0,0.0008349034830282907,0.0002599566049610295,0.004695448645708068,0.003567855824074967,6.307718719394395e-06,7.944029212467401e-07,5.2478532738042506e-06,0.0,2.829220063673047e-06,0.0012965795429586578,0.001974211287705725,0.0012175033215891112,0.0011859197657187444,7.770941458374376e-06,1.4481630957345793e-05,1.7985405459342785e-05,4.503075738327384e-05,0.0008270949389411403,0.0004924192265358085,0.0009252228112935481,0.000982487193174768,0.0002928515557751121,0.0005602351324385337,0.0,0.00023703734115710913,0.00039868001215034003,0.005744539182494341,0.006335455083900699,6.672515779003909e-05,0.00012810727000858946,0.0,0.0032321918707658133,0.0006180442785349923,0.007490941704941004,0.007298334267570107,0.00023336914891731455,0.0005425951500155328,0.0,0.000318359968416693,0.00016978534787149232,0.014646069771631971,0.02341789236497343,0.004452483752829535,0.005971084573295631,0.00026444917609093257,0.0005040680056847312,0.0
7,0.0033903303610354775,0.00958523749056496,0.006619687269752561,0.006769603066085982,0.013990031849368513,0.03812159201895029,0.011222988756634559,0.0026844718510946747,0.00719291083527614,0.009624590266599058,0.020057901101979265,0.07953615800324292,0.003173302507053831,0.002224045078180578,9.068003888280871e-05,0.004015680816702424,0.024879113284156283,0.006699438275053541,0.0,0.025968462204410323,0.0007779339322654315,0.000272444311303087,0.0,0.0006405449643112164,0.04152762758051334,0.006682980979986203,0.0,0.0446365737561063,0.007610938930580352,0.005392109201083897,0.0,0.01344547759183954,0.0022937404329290904,0.0017799586466573083,0.0,0.003565580251270891,0.01112543502147717,0.001918977641319123,0.011071619531979287,0.006067159030232812,0.01025872832385963,0.012450745381780814,0.0,0.01000651411039792,0.01150824854733747,0.009267374522973307,0.0,0.016752761297639456,0.010366689606581226,0.002567128882750479,0.0,0.07682645231918755,0.0013380935338004048,0.0019795709708013156,0.0007277885834430921,0.0031755375658362372,0.0012397700466095748,0.0006551442048814028,0.0035699170665451753,0.0020146745628455863,0.0041228771272292086,0.005086831678640613,2.931197164615536e-05,7.986091788029014e-05,0.0,0.00035535027174168747,0.0008736745518222403,0.025932719093783203,0.025494614027436177,0.0,0.0,0.0009234860273384641,0.002753510610468843,0.00030898469308658963,0.0008101750870023133,0.0,0.0,0.0016084671694470661,0.0016386101680407178,0.028504326164222726,0.03845512618621088,0.0,0.0,0.0017758336647905773,0.0031706869831865433,0.011162608415069008,0.007603936225896155,3.2436245788574354e-05,1.1973710912796208e-06,9.262014749923827e-06,0.0,3.239239875632983e-06,0.009157928636688423,0.0031424166216167523,0.002709654432276427,0.002110185283031194,2.8980914835177644e-05,1.795336557304851e-05,6.870586384411453e-05,0.000218621126931398,0.0009339365814446985,0.0009325801563551865,0.0075179098432597916,0.005541410760456473,0.0003413690347697792,0.0012928876159748726,0.0,0.0008031254594091536,0.0008204752158378306,0.008301604719577213,0.007426086823139194,0.00014113921204652444,4.990631289363045e-05,0.0,0.004070705852679669,0.005423438340823257,0.014102878289944014,0.012994022779886474,0.0007544533645313364,0.002081862009300525,0.0,0.0009851708472444157,0.00030747074157612707,0.010907534120532275,0.021157571714694075,0.01081732588408443,0.02625302176095681,0.0009648188984678231,0.0015694650706721803,0.0
8,0.011061293799117959,0.011524465485966535,0.013106096770448519,0.0052124884211378454,0.005151372318182931,0.024078269431225312,0.0090713444030013,0.007669922953585567,0.0034521105815065786,0.08468256064710744,0.07958763598329109,0.07690041088257743,0.011228648645354097,0.006626823374073014,0.000745847569896636,0.020650104270279787,0.05480023252539121,0.034024866154359415,0.0,0.06720353519134543,0.0013646458584885774,0.0009713818366836795,0.0,0.0020586330060135103,0.04366011601163753,0.002341413939708165,0.0,0.037855524006712646,0.04590280615178502,0.020086643796578714,0.0,0.08672662449191193,0.0008590319148289114,0.00992919158531482,0.0,0.0016575749063530564,0.0007213734757587271,0.001255840627582238,0.0006550389892427679,0.0004833973772275079,0.003986120426692459,0.005524035476595915,0.0,0.0050018256227076265,0.007608083184300563,0.005391283594068708,0.0,0.005460589590269312,0.012697579810314434,0.002664819346703576,0.0,0.09915073593892677,0.001476708015204086,0.0005465418267881406,0.0033662651445444357,0.004997562543594519,0.0014237456281524826,0.0005147110132958374,0.00030291561539194515,0.00046674430557434475,0.010247196859408138,0.009057727438190777,0.0004438357199175163,0.00022033728694745796,0.0,0.0005903975070466099,0.0028030094206939965,0.07381134703174967,0.06062438484891485,0.0,0.0,0.0010914354603763128,0.001628593570370041,0.0017431907837385948,0.001672201143248381,0.0,0.0,0.0008682302102509104,0.0019070890343447428,0.02923759614079181,0.04319749463822045,0.0,0.0,0.002935825143838339,0.0015062797009280612,0.12332740710942827,0.08016548821059413,0.000845256735807757,1.8188419510635983e-06,2.36355942092877e-06,0.0,1.75962017218829e-06,0.00558694096150375,0.0042614796932140524,0.0010775462367853196,0.0018830058940152974,1.3752621847338216e-05,1.6145989959483267e-05,9.745673935705935e-05,0.0003580622297807916,0.0007522916204681824,0.00013434778649744697,0.0007262613092691914,0.0032849400807842127,0.0005613682212599949,0.00135659668024721,0.0,3.184559190316821e-05,0.0015815949728126247,0.003181905467454738,0.004100853138059294,0.0001616515430537049,0.000181510611178622,0.0,0.008294557132389026,0.00634487058194675,0.005607868484512269,0.005139332692809947,0.00029603500067034295,0.00036476883296666484,0.0,0.0014877846154391762,0.0007619973282452831,0.013105175096905612,0.05992392485723371,0.0070623406196111595,0.014033246601171442,0.001161946932948988,0.0011163771686317646,0.0
9,0.008218300988484738,0.0032768076349655303,0.0030323397483285495,0.005763736009063759,0.007350014299915461,0.021404432494035418,0.0013368744792516508,0.0007048764345725306,0.003762953406210843,0.042901191681412536,0.05009371720711073,0.030092040043211588,0.0030442855672740588,0.0029171210052912643,0.0007923115996443197,0.004779716866572711,0.020911869823540895,0.006817691045035298,0.0,0.022238024885352904,0.000620117942784557,0.0034187332105981997,0.0,0.0004319821100093954,0.03046137110323994,0.004848153212008217,0.0,0.03280746827616111,0.004501626404392748,0.008539028527517731,0.0,0.006113110097619042,0.002245183262335423,0.003131133001338912,0.0,0.0049493507106302004,0.001607255287061473,0.0005511096245904967,0.0012863948430713304,0.0010004522351166555,0.011328579672502549,0.010516508573354951,0.0,0.011889797625363921,0.01265272801555906,0.0035494074413944705,0.0,0.01320925043830038,0.008376161608355906,0.002091679423467084,0.0,0.06865454660796455,0.000562471978741996,0.0002771781191480823,0.00027316560013234146,0.0042819242950266345,0.002224939426192708,0.0009572683922753898,0.0018051922339672468,0.00036086088600529524,0.005044652227717161,0.004640504166457975,0.0001466847784211232,4.9394471217950776e-05,0.0,0.00038283986408196315,0.0004206232796358844,0.020453116251800872,0.022736708158878904,0.0,0.0,0.0013830609074099985,0.0036260143302127654,0.0003917783662494676,0.0011076513767491769,0.0,0.0,0.000497836001828709,0.0005677744100178151,0.022218550563298006,0.030953578376062264,0.0,0.0,0.0016392505821242356,0.000885947944226732,0.007000816641623006,0.006753369590532309,8.980050357026799e-05,5.541283890372705e-06,4.774419306320238e-06,0.0,5.031819540495271e-06,0.0018754153640152568,0.0026761425181192015,0.003038568233871656,0.002908672671554405,4.0679755850212485e-05,1.2439569862488241e-05,5.958877584073103e-05,1.5050600457325058e-05,0.0007995235287149339,0.0006542940717040928,0.002410564140293357,0.00169202391212107,0.000300714557680406,0.0008731606294130135,0.0,0.0006581576235654578,0.0014408954247356566,0.006377505680482784,0.0094388719326487,7.552880542552513e-05,6.519653793326963e-05,0.0,0.0015931279100219898,6.360108969698052e-05,0.01171480606441459,0.014340765114776556,0.00035349560040219487,0.0004918844078373229,0.0,0.00033708168212571576,0.0005771668103003536,0.006150247143787298,0.026204958559287457,0.01566139380191657,0.011965810084305858,0.0006446351375823872,0.00105474114936482,0.0
