outer_fold,patient_id,prioridade_referencia_codigo,prioridade_prevista_codigo,proba_0,proba_1,proba_2,proba_3
1,SYN-20260806-000342,1,1,0.03527684389792696,0.8687983451329893,0.09592453986511695,2.7110396683127647e-07
1,SYN-20260806-000476,2,2,1.2895334203004192e-05,0.003299816811784748,0.9959191289437337,0.0007681589102785935
1,SYN-20260806-000145,3,3,9.999999980029129e-10,9.999999980029129e-10,7.515319669080692e-07,0.9999992464680332
1,SYN-20260806-000010,2,2,1.887052651255523e-07,4.844636589765638e-05,0.9500396083277967,0.049911756601040524
1,SYN-20260806-000254,2,2,0.00028195532892379935,0.06748439979094573,0.9321984965279483,3.514835218221268e-05
1,SYN-20260806-000297,1,2,0.0010389836249642766,0.2103604522872486,0.7885910326436116,9.53144417548124e-06
1,SYN-20260806-000692,1,1,0.034626466733380545,0.8677634131777044,0.09760984370669568,2.7638221933301566e-07
1,SYN-20260806-000633,2,2,0.0008756053488666943,0.18338304945815656,0.8157300334571358,1.1311735841013082e-05
1,SYN-20260806-000178,2,1,0.004085879903635362,0.5098700808304618,0.48604162292473285,2.4163411699307247e-06
1,SYN-20260806-000642,0,0,0.9112899797027798,0.08833247805580811,0.00037754124141199034,9.999999999650262e-10
1,SYN-20260806-000014,3,3,9.999999990139456e-10,3.580404973294427e-09,0.0014047505672471754,0.9985952448523477
1,SYN-20260806-000608,0,1,0.41252476980753705,0.581980328023235,0.005494888051574054,1.4117653934775376e-08
1,SYN-20260806-000132,2,2,0.0001526467239987753,0.037707187714010104,0.9620752362166445,6.492934534663153e-05
1,SYN-20260806-000591,2,2,0.00011347952301316932,0.028307020161150435,0.971492159289899,8.734102593743742e-05
1,SYN-20260806-000396,1,2,0.0004090041140453087,0.09499102135771839,0.9045757471093974,2.4227418838895787e-05
1,SYN-20260806-000717,2,1,0.005682262356500652,0.5899394396710462,0.4043765632653289,1.7347071242790335e-06
1,SYN-20260806-000107,1,1,0.0068348757659632805,0.6326441363335115,0.3605195474006656,1.4404998596173613e-06
1,SYN-20260806-000621,1,1,0.06791692220708412,0.8815285480481246,0.050554393694468125,1.360503231184751e-07
1,SYN-20260806-000495,2,2,9.583500435054247e-07,0.00024598873297206064,0.9895147244381435,0.010238328478840986
1,SYN-20260806-000224,0,0,0.9977117289715158,0.0022793716546789565,8.898373805096602e-06,9.999999990227364e-10
1,SYN-20260806-000613,3,3,9.99999998002e-10,9.99999998002e-10,2.1772611710597497e-07,0.9999997802738828
1,SYN-20260806-000499,2,2,0.0009121338007530425,0.1895748409465326,0.8095021669128825,1.0858339831942843e-05
1,SYN-20260806-000382,0,0,0.9844991679340892,0.015439747354540762,6.108371137000068e-05,9.999999991560856e-10
1,SYN-20260806-000704,1,1,0.08054359578942819,0.8770440776874391,0.04241221335527645,1.1316785630821613e-07
1,SYN-20260806-000643,2,2,0.0002072136938367868,0.050502822615450006,0.9492421344172209,4.78292734922281e-05
1,SYN-20260806-000440,1,1,0.04679673884471921,0.8799629021322698,0.07324015709672693,2.0192628402693202e-07
1,SYN-20260806-000489,2,2,8.725916902250345e-06,0.0022352892216657076,0.9966211960751888,0.0011347887862431794
1,SYN-20260806-000252,2,2,5.3777416067660865e-05,0.013618197055138531,0.9861437279301206,0.00018429759867322204
1,SYN-20260806-000563,1,1,0.24772759776703207,0.7406277300317243,0.011644642097276003,3.0103967540995313e-08
1,SYN-20260806-000131,0,0,0.6246486214778639,0.37302540740351964,0.0023259651616488464,5.95696758587394e-09
1,SYN-20260806-000376,2,2,0.0006611674588203177,0.145020530766926,0.8543033181181701,1.4983656083655816e-05
1,SYN-20260806-000698,1,1,0.005357972545763348,0.5759548580611981,0.4186853290934329,1.8402996057043097e-06
1,SYN-20260806-000266,1,1,0.1323967413830033,0.8428088651231347,0.02479432853074426,6.496311777404173e-08
1,SYN-20260806-000545,1,1,0.34240949421914535,0.6501944673042722,0.007396019438081991,1.9038500442825068e-08
1,SYN-20260806-000135,1,0,0.9563983007905265,0.04342485022538163,0.00017684798409178844,9.999999994519472e-10
1,SYN-20260806-000756,0,1,0.23541590065929907,0.75213996860724,0.012444098536678938,3.219678201826781e-08
1,SYN-20260806-000674,2,2,0.0008190075179487097,0.17359873261709646,0.8255701657516386,1.209411331626331e-05
1,SYN-20260806-000110,1,1,0.23065444944175925,0.7565697296638741,0.012775787828294694,3.306607188058308e-08
1,SYN-20260806-000452,2,2,1.2547062093734914e-05,0.0032109839437500912,0.9959870046527691,0.0007894643413870472
1,SYN-20260806-000225,1,1,0.08759543540912469,0.8735614817611124,0.0388429795705193,1.0325924360010674e-07
1,SYN-20260806-000293,2,1,0.004761901463635785,0.5474538570142786,0.44778216962252215,2.0718995634716464e-06
1,SYN-20260806-000255,2,2,3.467660330790552e-05,0.008824099564756055,0.9908554336761621,0.00028579015577390177
1,SYN-20260806-000027,2,2,5.484223544302013e-05,0.013884085284489697,0.9858803527578126,0.00018071972225464084
1,SYN-20260806-000251,2,2,0.0005708857161497289,0.12776108822279733,0.8716506713138056,1.735474724740005e-05
1,SYN-20260806-000263,1,1,0.015260224434132583,0.7845061092647041,0.20023302659093922,6.397102241262331e-07
1,SYN-20260806-000126,1,2,0.0027942459021267738,0.4165581135936263,0.5806441026362313,3.5378680155462305e-06
1,SYN-20260806-000072,0,0,0.9914046145274753,0.008561747873446072,3.3636599078520164e-05,9.999999990859483e-10
1,SYN-20260806-000470,2,2,0.002258768918893674,0.3662285452600401,0.6315083068989079,4.378922158321252e-06
1,SYN-20260806-000205,2,2,3.381675722318943e-05,0.008607186660877415,0.991065941623947,0.0002930549579523989
1,SYN-20260806-000037,2,2,0.00043991306513227886,0.1014379725213499,0.898099589907583,2.2524505934873318e-05
1,SYN-20260806-000777,2,2,0.0007859060650856967,0.1677660457043678,0.8314354443160797,1.2603914466779997e-05
1,SYN-20260806-000345,1,1,0.034061692398612016,0.8668178468585157,0.09912017961360842,2.8112926386825166e-07
1,SYN-20260806-000516,1,1,0.3268804791221067,0.665193400996739,0.007926099467244208,2.0413910117866862e-08
1,SYN-20260806-000763,2,2,2.3038542641424343e-06,0.0005911470191243812,0.9951220282319555,0.004284520894655919
1,SYN-20260806-000469,1,1,0.3056278241041305,0.6856343901047903,0.008737763268277243,2.2522801956803562e-08
1,SYN-20260806-000584,1,1,0.008694738636172547,0.6846191047640185,0.306685026352715,1.1302470939167364e-06
1,SYN-20260806-000649,1,1,0.14304510767965223,0.8342395413152904,0.022715291615793887,5.938926328497018e-08
1,SYN-20260806-000024,2,3,9.999999993431258e-10,8.809505818233404e-08,0.03345426451547085,0.9665456463894709
1,SYN-20260806-000025,1,1,0.4917374403821926,0.5042683566442656,0.003994192726987311,1.0246554382753459e-08
1,SYN-20260806-000152,2,1,0.028631331684129093,0.8550494737716005,0.11631885821442545,3.363298449743368e-07
1,SYN-20260806-000267,3,3,9.999999980039957e-10,9.999999980039957e-10,1.1769337763910298e-06,0.9999988210662236
1,SYN-20260806-000200,0,0,0.9714571642042503,0.028428852799292043,0.00011398199645755467,9.999999992912705e-10
1,SYN-20260806-000411,2,2,4.0338331868393246e-05,0.01025000441104159,0.9894639710117381,0.0002456862453519282
1,SYN-20260806-000644,1,1,0.33442133736277496,0.6579160269651523,0.007662615942012563,1.973006025224322e-08
1,SYN-20260806-000714,0,0,0.7288299072402797,0.2697286328900742,0.0014414561812409188,3.6884051368701876e-09
1,SYN-20260806-000238,2,2,0.0028250702281787973,0.41920855144573616,0.5779628791677578,3.499158327313623e-06
1,SYN-20260806-000192,1,1,0.08847487655550636,0.8730889438769138,0.038436077433273486,1.0213430634564702e-07
1,SYN-20260806-000753,2,2,2.514371356120447e-05,0.006413900916960386,0.9931668507923938,0.00039410457708466407
1,SYN-20260806-000387,2,2,0.0003146480056683615,0.07472189354621422,0.9249319630083274,3.149543979008573e-05
1,SYN-20260806-000778,0,0,0.9696062767823346,0.030272118186430757,0.00012160403123462967,9.999999993107504e-10
1,SYN-20260806-000523,1,1,0.1998152025208788,0.7848852242646844,0.015299533514961938,3.969947481863301e-08
1,SYN-20260806-000501,1,0,0.85801706968073,0.14134131475688783,0.0006416139219312944,1.6404508862422063e-09
1,SYN-20260806-000743,1,1,0.005589074971517365,0.5860210472299082,0.40838811400321295,1.7637953614313417e-06
1,SYN-20260806-000577,1,1,0.05708783229787045,0.8826887070328597,0.060223296930838055,1.6373843181316516e-07
1,SYN-20260806-000149,1,0,0.5317383906892437,0.46485656597795255,0.0034050346028178247,8.729985956357211e-09
1,SYN-20260806-000168,2,2,1.6348462286074848e-06,0.0004195582439942041,0.9935515477608879,0.006027259148889241
1,SYN-20260806-000745,2,2,4.344727139157284e-05,0.011031239406002018,0.9886972042512516,0.0002281090713547318
1,SYN-20260806-000696,2,1,0.009998957077366517,0.7124690798526884,0.2775309815400493,9.815298958049112e-07
1,SYN-20260806-000754,2,2,3.485799477068334e-06,0.0008941506496838507,0.9962664972921881,0.002835866258650954
1,SYN-20260806-000402,1,1,0.1825206946492969,0.8003989813516759,0.017080279598549297,4.440047796094859e-08
1,SYN-20260806-000388,2,2,0.0011987397693842426,0.23505616969477042,0.7637368306586385,8.259877206873156e-06
1,SYN-20260806-000408,2,2,0.0003075222612827958,0.07315403914987793,0.9265062131470783,3.222544176106901e-05
1,SYN-20260806-000273,0,0,0.7405486069339056,0.25809393656192514,0.0013574530310039856,3.4731653109076888e-09
1,SYN-20260806-000623,0,0,0.7233676406882851,0.2751508191685179,0.0014815363520824798,3.79111453341352e-09
1,SYN-20260806-000274,2,3,3.237874665051778e-09,8.313003834928836e-07,0.2462013487626894,0.7537978166990524
1,SYN-20260806-000283,0,1,0.11664536301267214,0.8548113177431422,0.028543244170006643,7.50741789845577e-08
1,SYN-20260806-000635,2,2,0.0002362670842009808,0.05717718485070926,0.9425446012540708,4.1946811018989116e-05
1,SYN-20260806-000348,3,3,9.999999991298205e-10,3.333046173787852e-08,0.012926130638543788,0.9870738350309946
1,SYN-20260806-000429,1,1,0.09042575910554132,0.8720136172984547,0.037560523879060836,9.971694314714341e-08
1,SYN-20260806-000405,0,1,0.41406911101777094,0.58047068150174,0.005460193452462958,1.4028026074086597e-08
1,SYN-20260806-000245,2,2,3.7377347913161914e-06,0.0009587129735270352,0.9963923245544408,0.0026452247372408255
1,SYN-20260806-000317,3,3,9.999999980956717e-10,9.999999980956717e-10,3.71946671561864e-05,0.9999628033328438
1,SYN-20260806-000019,3,3,9.999999980570533e-10,9.999999980570533e-10,2.2022635156480457e-05,0.9999779753648436
1,SYN-20260806-000043,2,2,1.3123256830798898e-07,3.36918802603799e-05,0.9297310367670609,0.07023514012011034
1,SYN-20260806-000008,0,1,0.48504228557577356,0.5108554830883681,0.004102220811031176,1.0524827120939051e-08
1,SYN-20260806-000505,2,2,1.749022859220846e-05,0.00447033808682308,0.9949457056872963,0.000566465997288379
1,SYN-20260806-000675,2,2,0.00041933200435501555,0.09715552574181158,0.9024015117715236,2.3630482309799916e-05
1,SYN-20260806-000034,2,2,0.00021145441883664952,0.051482945924983536,0.9482587297541034,4.686990207636299e-05
1,SYN-20260806-000007,1,1,0.13095488198111627,0.8439439685058154,0.025101083725533435,6.578753486419231e-08
1,SYN-20260806-000341,2,1,0.017043031014598888,0.8001042463221354,0.1828521509076566,5.717556090800713e-07
1,SYN-20260806-000189,2,2,1.510311610943355e-06,0.00038761077813217137,0.9930898746654151,0.00652100424484181
1,SYN-20260806-000194,2,2,4.854856731872412e-05,0.012310447495445754,0.9874368598341097,0.0002041441031258584
1,SYN-20260806-000330,2,2,1.1786233678588104e-05,0.0030168660942793512,0.996130963785347,0.0008403838866950508
1,SYN-20260806-000648,2,2,8.343657403504834e-08,2.1421280767533338e-05,0.8937823541257724,0.10619614115688603
1,SYN-20260806-000491,2,1,0.005999669753699683,0.6027189450146863,0.3912797428219943,1.6424096197509286e-06
1,SYN-20260806-000416,0,1,0.467973139575031,0.5276353426778331,0.004391506476831841,1.1270304134392006e-08
1,SYN-20260806-000500,2,2,4.7846652861760396e-05,0.012134631625206801,0.9876103832824622,0.0002071384394692899
1,SYN-20260806-000428,2,2,0.0014387210617413796,0.2693551217818697,0.7291992766858076,6.880470581283049e-06
1,SYN-20260806-000780,0,0,0.7934721932224826,0.2055189677182826,0.0010088364789370141,2.5802977532407567e-09
1,SYN-20260806-000331,1,1,0.3286894353883463,0.6634487405793076,0.007861803785343624,2.024700251901379e-08
1,SYN-20260806-000328,2,2,0.00021183387852518893,0.05157054817778565,0.9481708320138644,4.678592982476637e-05
1,SYN-20260806-000449,0,0,0.9840986186754728,0.01583869277509075,6.268754943636955e-05,9.99999999160184e-10
1,SYN-20260806-000172,2,1,0.009940646666860948,0.7113413105290086,0.27871705545857595,9.873455545372778e-07
1,SYN-20260806-000109,0,0,0.9154812483155849,0.08416068689911027,0.0003580637853047385,9.999999999152223e-10
1,SYN-20260806-000048,2,2,2.4229440324361404e-06,0.00062168524612333,0.9953011011577151,0.004074790652129123
1,SYN-20260806-000177,0,0,0.8720896659407606,0.1273415978941892,0.0005687347110396868,1.454010467583089e-09
1,SYN-20260806-000335,2,2,0.0003607105344911056,0.08472963688617723,0.9148821802445478,2.7472334783840147e-05
1,SYN-20260806-000199,2,2,1.3888618350016864e-05,0.003553083940575331,0.9957197671292984,0.0007132603117762093
1,SYN-20260806-000486,1,1,0.1919090350699351,0.7920163558957678,0.016074567290897068,4.1743400069904624e-08
1,SYN-20260806-000377,0,0,0.5862708824469305,0.41099860790114406,0.002730502656070888,6.995854562319437e-09
1,SYN-20260806-000737,0,0,0.7847805832194716,0.21415653546308389,0.0010628785987762956,2.718668179468864e-09
1,SYN-20260806-000765,1,1,0.08430462775764667,0.8752576939958078,0.04043757056963948,1.0767690605817393e-07
1,SYN-20260806-000046,2,2,1.787548619303468e-05,0.004568354703809341,0.9948595058968194,0.0005542639131782545
1,SYN-20260806-000406,1,1,0.021767107268342325,0.8297581737074481,0.14847427350712683,4.4551708278106616e-07
1,SYN-20260806-000532,2,3,9.999999980109851e-10,9.999999980109851e-10,3.92299543007968e-06,0.99999607500457
1,SYN-20260806-000062,1,1,0.41078678474610614,0.5836789590007101,0.00553424203385755,1.4219326160969104e-08
1,SYN-20260806-000105,0,0,0.9133399177042796,0.0862920886645431,0.00036799263117727715,9.999999999406101e-10
1,SYN-20260806-000393,1,1,0.09405061197355992,0.8699229876063586,0.0360263049284576,9.549162394151267e-08
1,SYN-20260806-000792,1,1,0.3346328166585876,0.6577117677261851,0.007655395903900852,1.9711326459947998e-08
1,SYN-20260806-000282,0,0,0.8088301102775428,0.19025371663649215,0.0009161707428955168,2.343069516186347e-09
1,SYN-20260806-000721,0,0,0.7892616416590679,0.20970348703342634,0.001034868660556687,2.6469491043457083e-09
1,SYN-20260806-000716,2,1,0.005887487580726259,0.598299358145351,0.39581148038043623,1.673893486597855e-06
1,SYN-20260806-000652,2,2,5.901877160289366e-06,0.0015129631120769716,0.9968042572263552,0.0016768777844075045
1,SYN-20260806-000015,2,2,2.3240584367070447e-07,5.9664958054831327e-05,0.9590295832493603,0.04091051938674117
1,SYN-20260806-000672,2,3,1.7742839188233245e-09,4.55534451182815e-07,0.1518074300370465,0.8481921126542185
1,SYN-20260806-000222,1,1,0.011771364351541283,0.7425358882163,0.24569191518316114,8.322489976064773e-07
1,SYN-20260806-000651,3,3,9.999999980033044e-10,9.999999980033044e-10,9.053877601806698e-07,0.9999990926122397
1,SYN-20260806-000304,2,2,2.1067517796053166e-07,5.40864027215039e-05,0.9550049975253401,0.04494070539676043
1,SYN-20260806-000612,2,2,0.00160204685853769,0.29097357313683925,0.7074182019919539,6.178012669111332e-06
1,SYN-20260806-000332,0,0,0.9348801972472034,0.06484962245310001,0.0002701792996965132,9.999999996905262e-10
1,SYN-20260806-000560,0,0,0.9793736518843557,0.020544641720212496,8.170539543180975e-05,9.999999992087838e-10
1,SYN-20260806-000479,1,0,0.5748393556517094,0.42229926445266863,0.0028613725635017184,7.332120244285534e-09
1,SYN-20260806-000134,2,2,7.250171114549025e-08,1.861394604975785e-05,0.8796950351436501,0.12028627840858896
1,SYN-20260806-000565,2,2,3.15092118850624e-05,0.008024592006040486,0.991629388264319,0.0003145105177554397
1,SYN-20260806-000343,0,0,0.7902358680008956,0.20873530851138145,0.00102882085625855,2.6314643797320514e-09
1,SYN-20260806-000058,1,1,0.0039040143234921466,0.49862696039376925,0.4974664959166051,2.5293661335412665e-06
1,SYN-20260806-000151,2,1,0.007767658160375379,0.6608575634480603,0.33137351206495047,1.2663266137913354e-06
1,SYN-20260806-000527,1,1,0.37403646840326227,0.6195123728776295,0.006451142128661157,1.659044701618484e-08
1,SYN-20260806-000677,2,2,0.00017110985464590447,0.042075290666465606,0.9576956768168268,5.7922662061726804e-05
1,SYN-20260806-000291,1,1,0.009171337853504075,0.6954711042364959,0.2953564869126061,1.070997393881612e-06
1,SYN-20260806-000599,2,2,1.99034902749497e-06,0.0005107458129449752,0.9945312196369559,0.004956044201071652
1,SYN-20260806-000081,0,0,0.9910245902198879,0.00894027160344325,3.513717666880106e-05,9.999999990897825e-10
1,SYN-20260806-000184,0,0,0.9914374794419231,0.008529012676743861,3.3506881332971556e-05,9.999999990856168e-10
1,SYN-20260806-000163,2,2,0.0016415278045550507,0.29600655340797993,0.7023458896018213,6.0291856437411084e-06
1,SYN-20260806-000338,2,2,1.589744513818503e-05,0.004064898925293134,0.9952960171242843,0.0006231865052843677
1,SYN-20260806-000052,1,1,0.054453281269671465,0.8824281707286957,0.0631183758616034,1.721400292309383e-07
1,SYN-20260806-000583,1,1,0.20690150454488868,0.7784441806139288,0.014654276840931013,3.8000251501024707e-08
1,SYN-20260806-000012,1,1,0.19062856569851325,0.7931653737735929,0.01620601843751024,4.209038362290585e-08
1,SYN-20260806-000011,1,1,0.06245173923475971,0.8825085581918211,0.05503955374973868,1.4882368060131768e-07
1,SYN-20260806-000607,1,2,0.0018697388761770213,0.32373707646972577,0.674387892567081,5.29208701627315e-06
1,SYN-20260806-000535,1,1,0.009512066446790774,0.7027356395937178,0.2877512616810063,1.0322784851357625e-06
1,SYN-20260806-000288,2,2,1.511682930425584e-07,3.880986194954575e-05,0.9384183114696104,0.061542727500147
1,SYN-20260806-000190,2,2,0.0023694376798053416,0.37734320272764243,0.620283185657833,4.1739347191871445e-06
1,SYN-20260806-000308,2,2,2.7947474993018196e-07,7.174796764684143e-05,0.96567153976944,0.03425643278816326
1,SYN-20260806-000448,1,1,0.010478439210412398,0.7213777239512363,0.26814290067579405,9.361625572523735e-07
1,SYN-20260806-000323,2,2,1.1859487534787075e-05,0.0030355593938059993,0.9961173838531656,0.0008351972654936368
1,SYN-20260806-000611,0,1,0.14150912465128765,0.8354944251474407,0.022996390059776273,6.014149545041647e-08
1,SYN-20260806-000191,2,2,6.538803850103071e-06,0.0016759663753973524,0.9968037107367352,0.0015137840840172556
1,SYN-20260806-000174,0,0,0.5452771225307443,0.4514978007326551,0.0032250684695132037,8.26708734802395e-09
1,SYN-20260806-000414,1,1,0.06396986819993856,0.8823087913050408,0.05372119543847853,1.4505654211127705e-07
1,SYN-20260806-000326,2,2,1.828955026699166e-05,0.0046736786146431815,0.9947663095396764,0.0005417222954134937
1,SYN-20260806-000539,1,1,0.4358405544871891,0.559162414743287,0.004997017937438897,1.2832085061198484e-08
1,SYN-20260806-000318,0,0,0.9829690987525914,0.016963682978522437,6.721726888609398e-05,9.999999991717594e-10
1,SYN-20260806-000397,0,0,0.9746587736592308,0.02524035963717065,0.00010086570359842422,9.999999992577496e-10
1,SYN-20260806-000161,3,3,9.999999980407502e-10,9.999999980407502e-10,1.5617389691866236e-05,0.9999843806103081
1,SYN-20260806-000775,1,2,0.003823492340325023,0.49347704482507093,0.5026968799918903,2.5828427137053467e-06
1,SYN-20260806-000173,2,2,4.715495029237097e-05,0.011961312138567555,0.9877813565100044,0.00021017640113563107
1,SYN-20260806-000201,2,2,2.1586874275477277e-05,0.005511608518813968,0.99400779214059,0.0004590124663205186
1,SYN-20260806-000574,2,1,0.014358245453834372,0.7753211016764391,0.2103199723504453,6.805192812597838e-07
1,SYN-20260806-000227,1,1,0.2113012441843786,0.7744236852683516,0.01427503354468218,3.7002587660595054e-08
1,SYN-20260806-000711,1,0,0.6590213873830519,0.3389752013648315,0.0020034061229046163,5.1292119440660144e-09
1,SYN-20260806-000228,1,1,0.02960966385284329,0.8575813855866847,0.11280862567083783,3.248896341956353e-07
1,SYN-20260806-000389,3,3,9.999999986994581e-10,9.999999986994581e-10,0.0002736730886730265,0.9997263249113271
1,SYN-20260806-000702,2,2,0.0017855551037719694,0.3137691838008258,0.6844397190357481,5.542059654084497e-06
1,SYN-20260806-000788,1,1,0.4689209041827822,0.5267041883828341,0.004374896206895129,1.1227488605491942e-08
1,SYN-20260806-000551,2,2,0.0028853656725843315,0.42432258682678686,0.5727886216710703,3.42582955847881e-06
1,SYN-20260806-000050,1,1,0.007213075755178834,0.6446733729159903,0.3481121868777398,1.3644510911126062e-06
1,SYN-20260806-000175,1,0,0.9045779940350255,0.09501289771684773,0.0004091072023824083,1.0457443799793964e-09
1,SYN-20260806-000236,2,2,1.8194887686466955e-05,0.004649601625548064,0.9947876642548432,0.0005445392319222142
1,SYN-20260806-000013,0,1,0.45919365913300114,0.5362577238846808,0.00454860530699519,1.167532281964867e-08
1,SYN-20260806-000638,2,2,4.5228583856045573e-07,0.00011610760725927937,0.9784351051032658,0.0214483350036363
1,SYN-20260806-000301,2,2,1.6379128807559552e-05,0.004187545301320452,0.9951912051768859,0.0006048703929861787
1,SYN-20260806-000478,1,1,0.31930014410545293,0.6724964803906689,0.008203354369983096,2.1133895078406795e-08
1,SYN-20260806-000796,2,2,6.7572149173498205e-06,0.0017318501719431481,0.996796466677902,0.0014649259352375044
1,SYN-20260806-000004,2,1,0.00760161953978829,0.6561814853590471,0.3362156008982732,1.2942028914109116e-06
1,SYN-20260806-000166,3,3,9.999999980043373e-10,9.999999980043373e-10,1.3111832488838046e-06,0.9999986868167512
1,SYN-20260806-000299,1,1,0.04370939307648561,0.8780476922956945,0.07824269773856851,2.1688925144758286e-07
1,SYN-20260806-000683,2,2,7.722836132875667e-07,0.00019823881431497057,0.9871271984842741,0.012673790417797592
1,SYN-20260806-000771,2,2,4.977446032876437e-05,0.01261735910316907,0.9871337494325052,0.00019911700399699583
1,SYN-20260806-000552,1,1,0.05589898163684736,0.8826027257339696,0.061498125197552156,1.6743163089305568e-07
1,SYN-20260806-000130,0,0,0.7378866784273218,0.2607370164944738,0.0013763015567470616,3.521457347943624e-09
1,SYN-20260806-000182,2,2,4.96743689365693e-06,0.0012737229811808615,0.9967296154208823,0.001991694161043167
1,SYN-20260806-000327,2,2,3.5924663081036995e-05,0.009138777420372623,0.9905494340102055,0.00027586390634093405
1,SYN-20260806-000707,0,1,0.12420192996905761,0.8491683176402377,0.02662968248725317,6.990345147173116e-08
1,SYN-20260806-000281,1,1,0.005450665163958202,0.5800534626009118,0.4144940633997166,1.8088354133416473e-06
1,SYN-20260806-000466,0,0,0.8652018253663888,0.13419406249264232,0.0006041105964628146,1.544506078587915e-09
1,SYN-20260806-000142,2,2,5.783995821172577e-05,0.01463185222628841,0.985138953323083,0.00017135449241689749
1,SYN-20260806-000567,2,2,1.6486120379129875e-06,0.0004230895275940035,0.9935980292194893,0.0059772326408787935
1,SYN-20260806-000041,0,1,0.13226086317117597,0.8429161124861383,0.02482295930264333,6.504004224083815e-08
1,SYN-20260806-000458,1,1,0.16124139656546993,0.8189754276143022,0.019783124251855466,5.156837246111934e-08
1,SYN-20260806-000723,2,2,0.0007467320338446125,0.16075523982904005,0.838484762502105,1.3265635010251131e-05
1,SYN-20260806-000090,3,3,9.99999999060704e-10,1.558531480888279e-08,0.006086139319191444,0.9939138440954938
1,SYN-20260806-000776,1,1,0.285762649946971,0.7046331914717381,0.009604133803642112,2.4777648821583398e-08
1,SYN-20260806-000384,2,2,0.0007941781293029669,0.16923139801508805,0.8299619513236218,1.247253198721765e-05
2,SYN-20260806-000319,1,1,0.17364565217737227,0.7763088212756953,0.0500439927839299,1.5337630024925275e-06
2,SYN-20260806-000726,2,2,0.00036112687454106736,0.031240585624427518,0.9675069286874437,0.000891358813587706
2,SYN-20260806-000144,2,1,0.03391176692847386,0.7263280534172334,0.23975099804291022,9.181611382524935e-06
2,SYN-20260806-000158,1,1,0.02096971161620178,0.6382916616799043,0.34072357957449195,1.5047129402034898e-05
2,SYN-20260806-000154,2,2,8.397687847739762e-07,7.501223895630427e-05,0.7225758714222621,0.27734827656999683
2,SYN-20260806-000798,1,1,0.26693491107453354,0.7035604243935341,0.029503779429983168,8.851019492883694e-07
2,SYN-20260806-000217,2,2,0.0015564319866122344,0.1218766647292048,0.876360193937241,0.00020670934694200227
2,SYN-20260806-000496,2,2,0.0007310102068230494,0.06125454411786918,0.9375740691150304,0.00044037656027740013
2,SYN-20260806-000103,2,2,0.00235007506898451,0.17310229551871265,0.8244108270668911,0.0001368023454118017
2,SYN-20260806-000793,0,0,0.9480495453427358,0.05134420010368557,0.0006062368925974226,1.7660981233014184e-08
2,SYN-20260806-000703,2,2,0.009810949803146013,0.46249020646345673,0.5276663163251935,3.2527408203808506e-05
2,SYN-20260806-000365,2,2,0.0062448803705820516,0.35585977529214946,0.6378440594384148,5.128489885364296e-05
2,SYN-20260806-000484,1,1,0.05562481698531785,0.7861633827796922,0.15820632843624827,5.4717987416630365e-06
2,SYN-20260806-000521,2,2,0.002727576433252378,0.19538661227167392,0.8017679849985588,0.00011782629651491128
2,SYN-20260806-000157,2,2,0.0033685210435537368,0.23053141166971713,0.7660047195375241,9.534774920494371e-05
2,SYN-20260806-000096,1,1,0.06586836582263876,0.7984381359740264,0.13568892747166195,4.570731672925987e-06
2,SYN-20260806-000447,2,2,0.0008817603881718588,0.07295319475639009,0.9257999848542473,0.00036506000119074233
2,SYN-20260806-000706,2,2,2.3606903934860422e-05,0.002104356084020366,0.9844035687729549,0.01346846823908987
2,SYN-20260806-000739,1,1,0.16256903481256196,0.7834816823950631,0.05394762256722662,1.6602251481367956e-06
2,SYN-20260806-000060,0,0,0.8089494492298468,0.18844287854326225,0.0026075961095869404,7.61173040153551e-08
2,SYN-20260806-000744,1,1,0.06833468655262757,0.8005270417152754,0.13113387759773465,4.3941343623732365e-06
2,SYN-20260806-000459,0,0,0.7090394772337578,0.2864382654030865,0.004522125105714703,1.3225744099898407e-07
2,SYN-20260806-000455,1,1,0.40441579995714694,0.5795424482590854,0.016041277136081278,4.74647686377061e-07
2,SYN-20260806-000562,2,2,0.0005132780840120811,0.04381924321895756,0.9550402753716805,0.0006272033253499343
2,SYN-20260806-000129,2,2,0.00015494692226081106,0.013650572509501054,0.9841190701479203,0.0020754104203177803
2,SYN-20260806-000250,1,1,0.022247505255066437,0.6504610599217715,0.3272772704296415,1.416439352053267e-05
2,SYN-20260806-000673,2,2,0.002737280066541259,0.1959432380852028,0.8012020743381371,0.00011740751011890538
2,SYN-20260806-000624,2,1,0.012782447709198784,0.5263052313904651,0.4608874297737092,2.4891126626847004e-05
2,SYN-20260806-000727,3,3,9.999999993366655e-10,3.007487067054009e-08,0.0010434600840624657,0.998956508841067
2,SYN-20260806-000074,2,1,0.01628347730805531,0.5829569053064126,0.40074014716468764,1.9470220844364228e-05
2,SYN-20260806-000084,1,1,0.043100921971706216,0.7596115414491388,0.1972803811944358,7.155384719181868e-06
2,SYN-20260806-000423,3,3,2.3329989632759996e-08,2.0841020222159125e-06,0.0674983422607075,0.9324995503072806
2,SYN-20260806-000169,0,0,0.9520542433461544,0.047388562568107306,0.000557177854748625,1.6230989663412743e-08
2,SYN-20260806-000334,1,1,0.037263153126344054,0.7403330520550747,0.22239546796559173,8.326852989459788e-06
2,SYN-20260806-000359,1,2,0.010750098689359984,0.48461399069665645,0.5046062529319393,2.965768204421515e-05
2,SYN-20260806-000203,1,0,0.5414527367116393,0.4492590760424501,0.009287914297886335,2.7294802429356224e-07
2,SYN-20260806-000667,2,1,0.011533046404138977,0.5016012251389195,0.4868381059787411,2.7622478200428624e-05
2,SYN-20260806-000373,2,1,0.013861606983796673,0.5455597751984445,0.4405556895708813,2.2928246877551572e-05
2,SYN-20260806-000513,3,3,9.999999981879635e-10,9.999999981879635e-10,6.455966999862579e-06,0.9999935420330002
2,SYN-20260806-000467,1,0,0.8611243564693826,0.13709348797664844,0.0017821035763105897,5.197765839959345e-08
2,SYN-20260806-000670,0,0,0.8121613309023535,0.18528483765825465,0.002553756897710757,7.45416810499222e-08
2,SYN-20260806-000708,2,2,5.389779626970997e-06,0.00048124359151609567,0.9430898340897566,0.056423532539100374
2,SYN-20260806-000581,1,0,0.5345500494505547,0.45590269729127086,0.00954697262370463,2.8063446977366624e-07
2,SYN-20260806-000234,0,0,0.9404873443584071,0.05881263262486325,0.0007000026222380162,2.0394491651032354e-08
2,SYN-20260806-000325,2,2,8.979118554905713e-07,8.020544006768494e-05,0.7357863046089068,0.26413259203917006
2,SYN-20260806-000705,1,1,0.18349342799410734,0.7695587018514218,0.046946436002848535,1.4341516223481676e-06
2,SYN-20260806-000589,2,2,0.0035485777252016112,0.23984458933508376,0.7565163390976348,9.049384207981959e-05
2,SYN-20260806-000647,2,2,3.115426859336462e-05,0.0027752517434750067,0.9869546354115861,0.010238958576345492
2,SYN-20260806-000368,2,2,1.006322149756573e-05,0.0008981477083061991,0.9680587652726117,0.031033023797584547
2,SYN-20260806-000226,0,0,0.645761865647241,0.34820207344377085,0.006035884110168532,1.7679881958443389e-07
2,SYN-20260806-000385,2,2,0.0015671300650453085,0.12261019219254703,0.8756173814149752,0.00020529632743238047
2,SYN-20260806-000764,2,2,0.001220698647451966,0.09820495059129303,0.9003107157526112,0.0002636350086437922
2,SYN-20260806-000657,2,2,0.0003388746558365591,0.02937279288983462,0.9693384769976822,0.0009498554566466089
2,SYN-20260806-000088,2,2,0.0006194154185470813,0.05239967348834496,0.9464611788724483,0.0005197322206594857
2,SYN-20260806-000312,1,2,0.0006232794209740128,0.052709106265386246,0.9461511044893605,0.0005165098242793098
2,SYN-20260806-000272,1,1,0.11972718631203479,0.8050064017130938,0.07526404234778916,2.369627082221548e-06
2,SYN-20260806-000630,2,2,4.872355287005182e-05,0.004333481469350642,0.9890467682621666,0.0065710267156127156
2,SYN-20260806-000309,0,0,0.9925500366191399,0.007366877790281334,8.308317145411248e-05,2.4191246783544784e-09
2,SYN-20260806-000247,1,1,0.14574065622599988,0.7933246173296437,0.06093283730186083,1.8891424956590797e-06
2,SYN-20260806-000420,2,2,0.002799289184557272,0.1994816970686364,0.797604213856198,0.0001147998906083636
2,SYN-20260806-000073,2,2,0.0006521285401312663,0.05501291024542644,0.9438413039188199,0.0004936572956223406
2,SYN-20260806-000573,1,0,0.7070377195903845,0.288396220176909,0.004565926688335442,1.3354437100598915e-07
2,SYN-20260806-000022,2,1,0.14233941252145144,0.7951279820614181,0.06253066343172564,1.9419854048186025e-06
2,SYN-20260806-000204,3,2,4.08611711814909e-06,0.0003648848931498692,0.9265217547629261,0.07310927422680591
2,SYN-20260806-000473,0,0,0.9715586543245366,0.028117378906661328,0.00032395733389489756,9.434907188854424e-09
2,SYN-20260806-000112,2,2,1.1120412605403701e-05,0.0009924078711637959,0.9708306164323083,0.02816585528392257
2,SYN-20260806-000215,2,2,0.001362474237462879,0.1083577884269171,0.8900435625544078,0.00023617478121229496
2,SYN-20260806-000349,2,1,0.03845733479809063,0.744757191415533,0.2167774155055654,8.058280810963048e-06
2,SYN-20260806-000462,0,0,0.9166161317357895,0.08237782311677577,0.0010060158283067278,2.9319128014293483e-08
2,SYN-20260806-000431,2,2,0.0006218653121440979,0.0525958869355095,0.9462645632713306,0.0005176844810158565
2,SYN-20260806-000202,2,1,0.1412853326998985,0.7956723937400755,0.06304031468164861,1.958878377394946e-06
2,SYN-20260806-000490,2,2,0.0016027061370897909,0.12504056188709115,0.873155998950478,0.00020073302534107107
2,SYN-20260806-000375,1,1,0.10148785811516557,0.8092507454498257,0.08925854301866165,2.8534163470927965e-06
2,SYN-20260806-000415,2,2,0.0001874320225613021,0.016464793018905865,0.9816315061312298,0.0017162688273030247
2,SYN-20260806-000246,0,0,0.9876175128134346,0.012243709738099073,0.0001387734075893876,4.040876966371343e-09
2,SYN-20260806-000524,2,2,3.458286347076942e-05,0.003079723012730819,0.9876524993136494,0.009233194810149059
2,SYN-20260806-000419,2,2,7.625293942280776e-06,0.0006807111908371224,0.9587591454058689,0.040552518109351676
2,SYN-20260806-000187,2,2,0.010130234313397045,0.4702395947579979,0.5195986788437832,3.1492084821893584e-05
2,SYN-20260806-000548,1,1,0.017154321646045866,0.5947409418756707,0.3880862710117443,1.8465466539052677e-05
2,SYN-20260806-000634,3,3,2.8108901366606655e-08,2.5110080978864647e-06,0.0802155355113738,0.919781925371627
2,SYN-20260806-000747,1,1,0.2927530354318811,0.6811993779159271,0.02604680803163062,7.786205612481112e-07
2,SYN-20260806-000580,1,0,0.7949728663272447,0.2021801765832857,0.002846873967558672,8.312191090986687e-08
2,SYN-20260806-000709,3,3,9.999999995677453e-10,5.071759895286651e-08,0.00175840866186417,0.9982415396205369
2,SYN-20260806-000477,3,3,9.999999990126506e-10,1.1300871839211356e-09,3.924825876876927e-05,0.999960749611144
2,SYN-20260806-000028,1,1,0.015883763589035073,0.5772755354721985,0.4068207326507943,1.9968287972127463e-05
2,SYN-20260806-000091,2,1,0.028088313498917942,0.694948697665024,0.2769518368345867,1.1152001471392836e-05
2,SYN-20260806-000230,1,1,0.10458046906271934,0.8088415375005461,0.08657523393100564,2.7595057289220293e-06
2,SYN-20260806-000746,0,0,0.9557870392943594,0.04370113017600474,0.0005118156207573055,1.490887857613643e-08
2,SYN-20260806-000558,0,1,0.471404261479043,0.5163345564035279,0.012260820718786314,3.613986427897231e-07
2,SYN-20260806-000445,0,0,0.6919786370047893,0.303117781668618,0.004903437862039395,1.4346455323721585e-07
2,SYN-20260806-000417,0,0,0.932299592720003,0.06689716442564342,0.000803219450234649,2.34041189761669e-08
2,SYN-20260806-000269,0,0,0.9645808962189033,0.03501277042486217,0.00040632152158426305,1.1834650259778812e-08
2,SYN-20260806-000525,2,2,0.00011548804845761856,0.010210210137145983,0.9868916482300849,0.002782653584311512
2,SYN-20260806-000136,1,1,0.27459068810225734,0.6969949139082454,0.028413546550628884,8.514388682989703e-07
2,SYN-20260806-000472,1,1,0.3609301501486043,0.619845358973738,0.01922392021239161,5.70665266041992e-07
2,SYN-20260806-000147,2,2,3.901359627647987e-05,0.0034729092635564563,0.9882949310856284,0.008193146054538691
2,SYN-20260806-000582,2,2,0.0006222742490971004,0.052628630918479906,0.9462317505911899,0.0005173442412330642
2,SYN-20260806-000068,2,2,7.2138603258631796e-06,0.000644006365802089,0.956582294995632,0.04276648477824008
2,SYN-20260806-000517,1,1,0.02630416171995933,0.6830224992418891,0.2906614087704903,1.1930267661330873e-05
2,SYN-20260806-000520,1,1,0.05184610016778928,0.7797876898231858,0.16836031591985123,5.894089173508198e-06
2,SYN-20260806-000315,1,1,0.13464829550120883,0.7989310577925756,0.06641857538518514,2.0713210304723617e-06
2,SYN-20260806-000211,0,0,0.8551342488889373,0.14299387207145509,0.0018718244402013973,5.4599406218436286e-08
2,SYN-20260806-000198,1,1,0.4594082600625816,0.5277326619541869,0.012858698732032825,3.792511986677738e-07
2,SYN-20260806-000682,1,1,0.022194063737933617,0.6499727192745223,0.32781901771174604,1.4199275798043587e-05
2,SYN-20260806-000006,0,0,0.6796670278496876,0.3151425168786903,0.005190303370180227,1.5190144186938426e-07
2,SYN-20260806-000715,1,2,0.004808721502733755,0.2990444848137602,0.6960800969615384,6.669672196768506e-05
2,SYN-20260806-000631,0,0,0.6450655325142739,0.348880124136389,0.006054166011755235,1.7733758184146353e-07
2,SYN-20260806-000537,2,2,0.007378207092363101,0.39433515094819255,0.5982432838182605,4.335814118383574e-05
2,SYN-20260806-000494,2,2,0.0001815879672227562,0.015959715315885536,0.9820872806247964,0.0017714160920953015
2,SYN-20260806-000285,2,2,0.0002480379260850988,0.02167194168213831,0.9767826413314067,0.0012973790603698632
2,SYN-20260806-000372,2,2,0.0019548707899388904,0.14837878708699612,0.8495018226964534,0.00016451942661166452
2,SYN-20260806-000197,2,2,6.443572428002525e-07,5.755814397307123e-05,0.6665268339805166,0.3334149635182675
2,SYN-20260806-000242,2,2,0.00022089599780871416,0.019346872605520638,0.978975633510582,0.0014565978860886508
2,SYN-20260806-000590,1,1,0.28493993403078316,0.6880299038466098,0.027029353314725224,8.088078817802824e-07
2,SYN-20260806-000511,2,2,0.0008360922862969033,0.06944057248761654,0.9293383254101054,0.00038500981598110773
2,SYN-20260806-000507,2,2,0.001753134436040935,0.13516723554403504,0.8628961454442333,0.00018348457569072885
2,SYN-20260806-000150,1,1,0.10252974565185202,0.8091291868580189,0.08833824634467102,2.821145458020702e-06
2,SYN-20260806-000464,2,2,6.590535244095508e-05,0.005852588981556923,0.9892153197849964,0.004866185881005736
2,SYN-20260806-000049,2,1,0.02296912248370664,0.6568891220548094,0.3201280461876138,1.3709273870121663e-05
2,SYN-20260806-000212,2,2,0.0007331846694529616,0.06142541779329969,0.9374023274174542,0.00043907011979316124
2,SYN-20260806-000305,2,2,1.2690704753770117e-05,0.001132383416493557,0.9740879117952584,0.024767014083494243
2,SYN-20260806-000555,1,0,0.7029335439627207,0.2924098195157402,0.004656500315674217,1.3620586492013587e-07
2,SYN-20260806-000061,1,1,0.4527911263492397,0.5340067589261848,0.013201725220885805,3.895036896350845e-07
2,SYN-20260806-000310,1,1,0.21319602294630935,0.7475523925963641,0.03925039501482752,1.189442499049953e-06
2,SYN-20260806-000460,1,1,0.0910154143417178,0.809430462853532,0.09955090398475097,3.2188199992067013e-06
2,SYN-20260806-000435,2,2,0.005961896194521868,0.3454362654242746,0.6485481040551945,5.373432600908057e-05
2,SYN-20260806-000509,0,0,0.9918769215522449,0.008032425160309553,9.065064795932276e-05,2.639486185174178e-09
2,SYN-20260806-000077,0,0,0.9195125899101109,0.07951933352459883,0.0009680483537510831,2.8211539215838854e-08
2,SYN-20260806-000100,2,2,3.1710377797275234e-05,0.0028246489730534576,0.9870824430096852,0.010061197639464114
2,SYN-20260806-000223,2,2,0.0016692806411356049,0.12955193606795437,0.8685860672365997,0.0001927160543103712
2,SYN-20260806-000354,1,1,0.07150653658283462,0.8028141171973437,0.1256751612935565,4.184926265193845e-06
2,SYN-20260806-000688,2,2,0.00017539368347248917,0.015423795418053244,0.9825669380493601,0.001833872849114182
2,SYN-20260806-000571,2,2,0.0011645822937258682,0.09412109930571515,0.9044379679114689,0.000276350489090027
2,SYN-20260806-000069,2,2,0.010828034316225492,0.48636154973416124,0.5027809740444008,2.944190521247947e-05
2,SYN-20260806-000294,1,1,0.017329259271631033,0.5970149468475097,0.38563751807191693,1.8275808942425087e-05
2,SYN-20260806-000208,0,1,0.46216246814098394,0.5251184072014241,0.01271874958719399,3.750703979621406e-07
2,SYN-20260806-000265,3,3,9.999999980093717e-10,9.999999980093717e-10,2.907583366920702e-07,0.9999997072416633
2,SYN-20260806-000758,1,1,0.31267087193220666,0.6635719290056588,0.023756490572440003,7.084896945785957e-07
2,SYN-20260806-000481,2,2,0.0016217622599267532,0.12633674512199375,0.871843121574984,0.00019837104309550213
2,SYN-20260806-000497,3,3,9.999999988274012e-10,9.999999988274012e-10,2.8418073621960844e-05,0.9999715799263781
2,SYN-20260806-000276,2,2,0.0008275884033246073,0.06878349939094941,0.9299999444517761,0.0003889677539498093
2,SYN-20260806-000629,1,1,0.2873028132797815,0.6859696059725635,0.026726781242368935,7.995052860865215e-07
2,SYN-20260806-000398,1,1,0.2430646119301892,0.7236098337625618,0.03332455063212425,1.0036751247888276e-06
2,SYN-20260806-000364,2,2,0.0005771994431428165,0.04900558117278656,0.9498594719560146,0.0005577474280560324
2,SYN-20260806-000549,1,1,0.02177504685077006,0.646082931238413,0.3321275432007501,1.447871006687862e-05
2,SYN-20260806-000598,2,1,0.1134603226345944,0.8069265562929616,0.07961060276012277,2.518312321231342e-06
2,SYN-20260806-000056,1,1,0.18803638446197393,0.7663415309125662,0.04562069290954629,1.3917159134013701e-06
2,SYN-20260806-000663,0,0,0.7942398314519188,0.2029004324015805,0.0028596526504127695,8.349608793256635e-08
2,SYN-20260806-000735,1,1,0.29116388626551903,0.682592789597042,0.02624253950816291,7.846292761071183e-07
2,SYN-20260806-000741,2,1,0.01416786805145383,0.5507089136561687,0.4351007926316668,2.2425660710645445e-05
2,SYN-20260806-000066,0,0,0.9905999506199402,0.009295011419397703,0.0001050349023038466,3.0583582333321147e-09
2,SYN-20260806-000713,0,0,0.9841360511022602,0.015685530869277486,0.00017841283313768663,5.195324614959418e-09
2,SYN-20260806-000471,0,0,0.9409115390652756,0.05839373720718721,0.0006947034875424141,2.0239994791282356e-08
2,SYN-20260806-000029,2,2,1.1978551421362264e-05,0.0010689071187715746,0.9727182039725782,0.026200910357228824
2,SYN-20260806-000253,2,2,0.00020902730981788665,0.01832664200358116,0.9799251354108035,0.0015391952757974892
2,SYN-20260806-000618,0,0,0.6842121478685735,0.3107044859124255,0.005083217467589662,1.4875141129966352e-07
2,SYN-20260806-000119,1,1,0.42733489994666796,0.5580467985840392,0.01461786956383959,4.3190545317983714e-07
2,SYN-20260806-000237,2,1,0.04665462788910693,0.7688650509564358,0.1844737353445145,6.5858099428384165e-06
2,SYN-20260806-000724,2,2,4.655910101445713e-06,0.0004157452675188197,0.9348382634522777,0.06474133537010207
2,SYN-20260806-000531,2,2,0.00010274339412763186,0.009093828373610792,0.9876766439762382,0.0031267842560233072
2,SYN-20260806-000156,0,0,0.7789824218511336,0.21788647574076392,0.0031310109640131367,9.144408930072956e-08
2,SYN-20260806-000031,2,2,1.3583090783769132e-05,0.001211912863701247,0.9755969475780895,0.023177556467425475
2,SYN-20260806-000614,0,0,0.9857024233556086,0.014137027887946463,0.00016054408153620692,4.6749086823894e-09
2,SYN-20260806-000188,2,2,5.1157289544487985e-06,0.00045678540940001245,0.9402710722579071,0.059267026603738504
2,SYN-20260806-000102,2,2,0.00020506301660394845,0.017985393149801115,0.980240633195234,0.0015689106383609541
2,SYN-20260806-000557,2,2,0.0002988930588875938,0.025998454232416503,0.9726258330999664,0.0010768196087295179
2,SYN-20260806-000232,2,2,2.407736762884007e-05,0.002146202929376784,0.9846209508068634,0.013208768896130985
2,SYN-20260806-000243,0,0,0.6307098249384085,0.3628500799352584,0.006439906416471408,1.887098616260019e-07
2,SYN-20260806-000645,0,1,0.26457984026470266,0.7055679324297859,0.029851331456306363,8.958492051514e-07
2,SYN-20260806-000094,2,2,0.002519143785390275,0.18323686858768112,0.8141163870276683,0.00012760059926031353
2,SYN-20260806-000720,2,2,0.000506071102746044,0.043230897347100596,0.9556268972920425,0.0006361342581108209
2,SYN-20260806-000425,1,2,0.009781527393433716,0.4617637312690102,0.52842211512212,3.262621543598243e-05
2,SYN-20260806-000465,2,2,0.002943725931686365,0.20760130558077702,0.7893458165595463,0.00010915192799032525
2,SYN-20260806-000277,1,1,0.020900067704044727,0.6375976193604646,0.3414872145923552,1.5098343135511172e-05
2,SYN-20260806-000347,2,2,0.0004008714800654991,0.03455859355734339,0.9642375113027508,0.0008030236598403073
2,SYN-20260806-000533,2,2,0.0037971925754183345,0.25232902947045527,0.7437892296426489,8.454831147752806e-05
2,SYN-20260806-000594,2,2,7.529074448634754e-05,0.006680408465996553,0.9889821652954462,0.00426213549407084
2,SYN-20260806-000356,2,2,5.402581161908866e-07,4.825979249835106e-05,0.6262973838386304,0.373653816110755
2,SYN-20260806-000057,0,0,0.9707422558813681,0.02892420091898862,0.00033353348574793884,9.713895354757085e-09
2,SYN-20260806-000379,1,1,0.2936940899215631,0.6803732723620537,0.025931862623378654,7.750930045569149e-07
2,SYN-20260806-000148,2,1,0.028059197810778872,0.6947640767665394,0.2771655615150157,1.1163907665978634e-05
2,SYN-20260806-000035,0,0,0.787207977795402,0.2098085069542901,0.002983428129410992,8.712089694107306e-08
2,SYN-20260806-000170,1,1,0.4660773009269328,0.5213997244474011,0.01252260541282868,3.6921283741442323e-07
2,SYN-20260806-000307,3,3,9.999999990542855e-10,4.849403563160847e-09,0.00016839945229529164,0.9998315946983012
2,SYN-20260806-000374,1,1,0.09580690192033076,0.8095982625780864,0.09459179377908011,3.041722502761246e-06
2,SYN-20260806-000485,1,1,0.05655759326023818,0.7875629114188649,0.15587411908075677,5.376240140075872e-06
2,SYN-20260806-000787,1,1,0.028093834286527026,0.6949836689312923,0.2769113470355258,1.1149746654948167e-05
2,SYN-20260806-000427,0,0,0.941360668312873,0.05795021360160024,0.0006890980089587773,2.007656796365609e-08
2,SYN-20260806-000546,2,2,0.001872495208951095,0.14303410811227293,0.8549216267150817,0.00017176996369427933
2,SYN-20260806-000661,0,0,0.8035967301280119,0.19370492682571383,0.0026982642751508523,7.87711234018218e-08
2,SYN-20260806-000016,2,2,0.0002459709767861725,0.021495272456660015,0.9769504869005778,0.0013082696659759696
2,SYN-20260806-000101,2,2,0.0004895266058106236,0.041877499003999945,0.9569753440065106,0.0006576303836788311
2,SYN-20260806-000239,2,2,0.00018023726277066588,0.015842904783139763,0.9821921880917169,0.0017846698623726898
2,SYN-20260806-000653,1,1,0.03208741085698735,0.7175744809516325,0.25032838623289944,9.721958480812809e-06
2,SYN-20260806-000755,1,1,0.05823731575771133,0.7899251192274025,0.15183235313514687,5.211879739341896e-06
2,SYN-20260806-000106,1,1,0.10704831396710879,0.8084143006551215,0.0845346969183629,2.6884594067633216e-06
2,SYN-20260806-000522,1,1,0.037891547990563726,0.7426951725484835,0.21940509604457847,8.183416374318853e-06
2,SYN-20260806-000797,2,2,0.00020849195454780155,0.01828057230405391,0.9799677934704181,0.00154314227098018
2,SYN-20260806-000268,2,2,0.0028029993744983195,0.19969240212944153,0.7973899509694091,0.00011464752665102385
2,SYN-20260806-000785,1,0,0.6840189846353042,0.310893126453751,0.005087740026512022,1.4888443278238128e-07
2,SYN-20260806-000114,0,0,0.728933876419121,0.2669663205014875,0.00409968322786225,1.1985152925664266e-07
2,SYN-20260806-000017,2,2,0.00556236090329895,0.33010398235165156,0.6642760398451176,5.761689993188934e-05
2,SYN-20260806-000280,3,3,4.257147769961175e-08,3.8029656227170446e-06,0.11667232568616615,0.8833238287767334
2,SYN-20260806-000128,1,0,0.5112689890654989,0.4782595127644529,0.010471190080594384,3.080894538376455e-07
2,SYN-20260806-000412,1,1,0.02718686866956256,0.6890822859456784,0.28371931293032704,1.1532454431972816e-05
2,SYN-20260806-000662,0,0,0.828452834905071,0.169260084752328,0.0022870136047452583,6.673785568622748e-08
2,SYN-20260806-000403,1,1,0.05411341550490591,0.7837542555651601,0.16212669530157775,5.6336283562608e-06
2,SYN-20260806-000432,1,2,0.003366029204087038,0.23040087763827694,0.7661376745915847,9.54185660513307e-05
2,SYN-20260806-000108,2,2,3.178674173076197e-05,0.0028314317268928434,0.9870995128932942,0.010037268638082186
2,SYN-20260806-000047,1,1,0.06953104790976175,0.8014400703687022,0.12902456873840862,4.312983127419123e-06
2,SYN-20260806-000597,0,0,0.8627633064055896,0.1354788729346159,0.0017577693931279947,5.126666646759759e-08
2,SYN-20260806-000302,2,2,0.0005522862760930693,0.04699101609825317,0.9518737908262767,0.0005829067993771142
2,SYN-20260806-000450,0,0,0.8581594383574485,0.14001415027612107,0.0018263580956626724,5.3270767796931295e-08
3,SYN-20260806-000321,2,2,2.9668322876157686e-05,0.0029065306602304272,0.991688378790966,0.005375422225927351
3,SYN-20260806-000585,2,2,0.002455584280319272,0.19389997458688873,0.8035793070372885,6.513409550346072e-05
3,SYN-20260806-000340,0,0,0.8414948690043677,0.15661099217060181,0.0018941086219584902,3.020307204337769e-08
3,SYN-20260806-000752,1,1,0.4775871535007402,0.5115123931268839,0.010900277976081618,1.7539629426632786e-07
3,SYN-20260806-000627,2,2,3.337178059468027e-05,0.0032681511704469412,0.9919167613523879,0.004781715696570488
3,SYN-20260806-000541,3,3,3.371527210563803e-09,3.312725771758091e-07,0.020593175143964634,0.9794064902119309
3,SYN-20260806-000240,0,0,0.6622282904232102,0.33265921493608264,0.005112412855495019,8.17852121581808e-08
3,SYN-20260806-000436,1,1,0.335246307953742,0.6451675215762193,0.019585852522187697,3.179478510473288e-07
3,SYN-20260806-000271,2,2,3.59277184201001e-05,0.0035175687029184535,0.9920034643364553,0.004443039242206237
3,SYN-20260806-000164,0,0,0.9708751866717695,0.028822670801212258,0.00030213771686371516,4.8101544969370025e-09
3,SYN-20260806-000045,2,3,9.999999991283184e-10,1.260805130994234e-08,0.0007996048265285139,0.9992003815654201
3,SYN-20260806-000492,2,2,0.00402373514214007,0.2821969458794002,0.7137396307564168,3.9688222043032795e-05
3,SYN-20260806-000351,2,2,0.0008558134113867715,0.07749994010902318,0.9214570804348796,0.00018716604471047393
3,SYN-20260806-000570,1,1,0.050689646028189254,0.790577681369904,0.15872966965998603,3.0029419206822894e-06
3,SYN-20260806-000353,1,1,0.14304595277398865,0.8000329409816492,0.0569201456482602,9.6059610188437e-07
3,SYN-20260806-000080,2,2,0.00048001057779348966,0.04501804073804565,0.9541681727864781,0.00033377589768268656
3,SYN-20260806-000628,1,0,0.701653927857001,0.29408043210139534,0.004265571861664208,6.817993947194623e-08
3,SYN-20260806-000616,0,0,0.8763747863266879,0.12220601322615254,0.0014191778280009393,2.261915865719999e-08
3,SYN-20260806-000738,1,1,0.12518343880947774,0.8090409819642999,0.06577445868223508,1.1205439873762657e-06
3,SYN-20260806-000290,2,2,0.006446474153053127,0.38528198673941466,0.6082468265571241,2.4712550408034772e-05
3,SYN-20260806-000306,0,0,0.9488744786424655,0.05058297526214239,0.0005425374558990503,8.639493009887644e-09
3,SYN-20260806-000568,0,0,0.9635538491986656,0.03606521345365288,0.00038093128262350895,6.065058011373026e-09
3,SYN-20260806-000137,2,2,3.1326687605167886e-06,0.0003077077407712116,0.9509964154807447,0.048692744109723574
3,SYN-20260806-000710,1,1,0.4442782715881459,0.5432763876183127,0.012445140225610274,2.0056793115230676e-07
3,SYN-20260806-000193,1,1,0.06154263127344068,0.80528487851504,0.13317004511107933,2.4451004398962084e-06
3,SYN-20260806-000121,0,0,0.9307144798521716,0.06853606826803293,0.0007494399430677534,1.1936727717376527e-08
3,SYN-20260806-000125,1,1,0.2532443488922687,0.7179041931450447,0.02885098514052153,4.728221649763497e-07
3,SYN-20260806-000140,3,2,2.9051480628073325e-06,0.0002853658644545018,0.9474050023533365,0.05230672663414626
3,SYN-20260806-000665,0,0,0.893133565423648,0.1056623831735537,0.0012040322168098694,1.9185988464620607e-08
3,SYN-20260806-000089,2,2,0.0008869267136345746,0.08008912127476597,0.9188433561705243,0.0001805958410752151
3,SYN-20260806-000030,2,2,0.0009465071641084799,0.08500636695935188,0.9138779062947727,0.00016921958176696617
3,SYN-20260806-000759,1,1,0.33783125848363443,0.6428036505731967,0.01936477665503411,3.1428813485057105e-07
3,SYN-20260806-000606,2,2,3.7494142153540353e-05,0.0036703636005618436,0.9920339397648613,0.0042582024924232575
3,SYN-20260806-000442,1,1,0.03282346678547852,0.7382645196459193,0.22890728882193434,4.724746667794655e-06
3,SYN-20260806-000292,3,3,6.228626698833909e-09,6.119994010975347e-07,0.037391696686258816,0.9626076850857134
3,SYN-20260806-000695,1,1,0.03121164604131566,0.7305654584842668,0.23821791845480111,4.9770196164367064e-06
3,SYN-20260806-000063,2,2,0.008550611195520355,0.45266171994966053,0.5387690769197702,1.8591935048939412e-05
3,SYN-20260806-000196,2,1,0.06849141007522347,0.8109981206072594,0.12050828855141793,2.1807660992578803e-06
3,SYN-20260806-000407,2,2,0.003467096610026752,0.2532193795849699,0.7432674382351575,4.60855698458662e-05
3,SYN-20260806-000762,0,0,0.9215454177466011,0.07759759852818182,0.0008569700743310538,1.365088597715669e-08
3,SYN-20260806-000320,2,2,1.757484358361786e-05,0.0017238262547472096,0.9892176114123408,0.009040987489328356
3,SYN-20260806-000655,1,0,0.5713942231078185,0.42110518084528437,0.007500475770225834,1.2027667128933217e-07
3,SYN-20260806-000044,2,2,4.148061329387135e-05,0.004059005612169089,0.992048982975248,0.003850530799288987
3,SYN-20260806-000275,1,0,0.7015058781107543,0.2942254772770233,0.004268576384053313,6.822816911444818e-08
3,SYN-20260806-000561,2,2,6.598979157886912e-06,0.000647964708856801,0.9756233373233992,0.023722098988586127
3,SYN-20260806-000357,2,2,0.0007317864102082612,0.06703014176012512,0.932019163680321,0.0002189081493456646
3,SYN-20260806-000749,0,1,0.4668704177686294,0.5217556191129753,0.011373780015326629,1.8310306870716886e-07
3,SYN-20260806-000487,2,2,0.0003661705980587935,0.03471623792505114,0.9644800424859579,0.00043754899093217947
3,SYN-20260806-000556,1,1,0.28868622505797714,0.6870907122170852,0.024222667636551454,3.9508838622914766e-07
3,SYN-20260806-000620,0,0,0.9739142143786029,0.025816005849131685,0.00026977547746975805,4.2947956302441526e-09
3,SYN-20260806-000685,0,1,0.3655305322190139,0.6172824198902761,0.01718676956955012,2.7832115989667727e-07
3,SYN-20260806-000138,3,3,9.999999990103854e-10,1.020416060265441e-09,6.476255970296047e-05,0.999935235419881
3,SYN-20260806-000519,1,0,0.5778031692442176,0.41488892463995497,0.007307788951804284,1.1716402315009589e-07
3,SYN-20260806-000712,1,1,0.05976160795814219,0.803415445233227,0.1368204240605274,2.522748103306327e-06
3,SYN-20260806-000434,0,0,0.9718387173264338,0.027869422517654452,0.00029185550950183714,4.646409923481087e-09
3,SYN-20260806-000559,2,2,0.0018327216086159673,0.1523171730459427,0.8457627824393331,8.732290610824478e-05
3,SYN-20260806-000249,1,1,0.4496542918017374,0.5381648572523976,0.012180654692987347,1.9625287761559917e-07
3,SYN-20260806-000116,1,1,0.09607597962880551,0.8173415824273378,0.08658092933821193,1.5086056447399798e-06
3,SYN-20260806-000413,2,1,0.04402316989513689,0.7764688486217887,0.1795044995227264,3.4819603480507055e-06
3,SYN-20260806-000526,2,1,0.05250521899481125,0.7936545054369948,0.15383738200898656,2.8935592074619265e-06
3,SYN-20260806-000588,1,1,0.41853818769538864,0.5676581965644355,0.013803392976031503,2.2276414435307146e-07
3,SYN-20260806-000650,2,2,0.004570755949197093,0.3085018789690402,0.6868924457057644,3.491937599842121e-05
3,SYN-20260806-000298,0,1,0.0658185321226493,0.8090745349627264,0.12510465707662555,2.2758379987219968e-06
3,SYN-20260806-000258,2,2,0.00393202475670641,0.2775830146492497,0.7184443429835108,4.06176105330891e-05
3,SYN-20260806-000209,2,2,6.7925055251683565e-06,0.0006669545807697274,0.9762644416300342,0.023061811283670908
3,SYN-20260806-000779,2,2,0.000651670451322209,0.06013811341266948,0.9389643824675519,0.00024583366845642995
3,SYN-20260806-000167,1,0,0.7426838984695849,0.2538375938124905,0.0034784521630454313,5.555487914143953e-08
3,SYN-20260806-000346,2,2,0.0004997475568631553,0.04678152186183138,0.9523981388973898,0.00032059168391573856
3,SYN-20260806-000666,2,2,0.0003188686392798661,0.03036926631053698,0.9688094175391787,0.0005024475110044779
3,SYN-20260806-000422,0,0,0.9579781967300826,0.041580059413592774,0.0004417368227138674,7.033610804896284e-09
3,SYN-20260806-000095,2,2,0.00017659319250329332,0.017052390151801756,0.981864001530959,0.0009070151247360103
3,SYN-20260806-000333,1,1,0.04101223693125465,0.7683226567932981,0.19066135691445119,3.7493609960081997e-06
3,SYN-20260806-000279,3,2,6.311392705681041e-07,6.200931886682725e-05,0.7973482994341956,0.20258906010766697
3,SYN-20260806-000722,2,2,0.003267164414632644,0.24221433641228446,0.7544695837506056,4.891542247731362e-05
3,SYN-20260806-000059,2,2,9.632725587334836e-05,0.009375083960369776,0.9888669141262972,0.0016616746574595886
3,SYN-20260806-000543,1,1,0.048866808802057,0.7871858626436908,0.16394420761524886,3.1209390033426487e-06
3,SYN-20260806-000117,2,1,0.019453177248363415,0.6437501274366797,0.33678861304112573,8.082273831200304e-06
3,SYN-20260806-000026,1,2,0.0046586384271586,0.3125433263851274,0.6827637775473012,3.425764041287138e-05
3,SYN-20260806-000404,1,1,0.13373428733009968,0.8050030595925102,0.06126161443227229,1.0386451178012734e-06
3,SYN-20260806-000626,1,0,0.6018852479142721,0.3914948226303112,0.006619823394884206,1.0606053246764446e-07
3,SYN-20260806-000430,0,0,0.6753253926579887,0.3198542407185845,0.004820289534058331,7.708936844430525e-08
3,SYN-20260806-000681,0,0,0.7337928549075788,0.2625654371291716,0.0036416497923899005,5.817085968473634e-08
3,SYN-20260806-000690,0,0,0.9802148420209543,0.01958184116914885,0.00020331357338265743,3.236514167781479e-09
3,SYN-20260806-000789,1,1,0.22607129861530642,0.7405881801800684,0.03333997227766283,5.489269623293325e-07
3,SYN-20260806-000195,0,0,0.9683310917849698,0.031339518915886266,0.000329384055073878,5.24407006707861e-09
3,SYN-20260806-000783,2,2,7.877854217580064e-05,0.007680402696993274,0.9902097055768844,0.0020311131839465535
3,SYN-20260806-000070,2,1,0.019631933385876956,0.6456520472198365,0.3347080121720003,8.007222286221527e-06
3,SYN-20260806-000604,2,2,0.00015548282433673087,0.01504489826841109,0.9837695607470158,0.00103005816023638
3,SYN-20260806-000693,2,2,0.0014457878157689925,0.12420734569027002,0.8742361331865623,0.00011073330739863607
3,SYN-20260806-000064,1,1,0.041086928237364484,0.7685405893879563,0.19036874012105365,3.742253625538261e-06
3,SYN-20260806-000578,2,2,0.0003623589023428159,0.03436741051814702,0.9648280793093563,0.00044215127015378997
3,SYN-20260806-000104,2,2,0.005050727170463537,0.32999362558477285,0.6649240613932532,3.158585151030735e-05
3,SYN-20260806-000457,2,2,5.0463160455609826e-05,0.004933594465556581,0.9918486715251971,0.0031672708487907597
3,SYN-20260806-000076,2,2,0.003313575504229034,0.24479858134280352,0.751839615069497,4.822808347038077e-05
3,SYN-20260806-000355,1,1,0.0923114292924828,0.817552015659692,0.09013497838080076,1.5766670243833047e-06
3,SYN-20260806-000093,1,0,0.5320472010170235,0.45916937615105413,0.008783281802053122,1.4102986922726046e-07
3,SYN-20260806-000592,2,1,0.03557461928223915,0.7498902253710982,0.21453080838550087,4.346961161805218e-06
3,SYN-20260806-000729,2,2,0.002936018098287163,0.22323515775574743,0.7737743738895507,5.4450256414484415e-05
3,SYN-20260806-000475,1,1,0.03708225574082949,0.7555511617578293,0.20736241879094897,4.1637103922465e-06
3,SYN-20260806-000361,0,0,0.9779995287301632,0.021773882559263047,0.00022658510352002725,3.607053766785384e-09
3,SYN-20260806-000286,1,1,0.10517737197948437,0.8158744593659368,0.07894680446939617,1.364185182595179e-06
3,SYN-20260806-000453,2,2,0.005344459143417814,0.3424758718929054,0.6521498278338214,2.9841129855379123e-05
3,SYN-20260806-000658,0,0,0.97586376269387,0.02388711333613147,0.00024912000411780877,3.965880734924099e-09
3,SYN-20260806-000322,2,1,0.02341416161141236,0.6807028508180495,0.2958762996949774,6.687875560684731e-06
3,SYN-20260806-000183,1,1,0.06088171101033764,0.8046125034451369,0.13450331215992462,2.4733846007984894e-06
3,SYN-20260806-000689,1,1,0.2803948997044717,0.6944004362706502,0.02520425251219782,4.115126802650692e-07
3,SYN-20260806-000296,0,0,0.55142638456065,0.44044447435563416,0.008129010645333445,1.3043838242854378e-07
3,SYN-20260806-000474,2,1,0.04254987863757417,0.7726420097499342,0.18480450353759936,3.608074892191837e-06
3,SYN-20260806-000795,1,1,0.01288626847263461,0.551523638676903,0.4355778101471548,1.2282703307553433e-05
3,SYN-20260806-000443,2,2,0.006641439080185623,0.3922560758952945,0.6010785026209051,2.3982403614786207e-05
3,SYN-20260806-000502,1,2,0.0008510534311804486,0.07710252098361596,0.9218582120129064,0.00018821357229714675
3,SYN-20260806-000799,2,2,2.665513721363621e-07,2.6189571646652695e-05,0.6243651465269269,0.37560839735005436
3,SYN-20260806-000498,2,2,0.00581396422134559,0.3614529967600376,0.6327056205828928,2.741843572395819e-05
3,SYN-20260806-000350,2,2,0.0001642736195348362,0.015881865835929657,0.9829788788391385,0.0009749817053970045
3,SYN-20260806-000363,1,1,0.25298616608551144,0.7181240856905291,0.028889274755620198,4.7346833931261045e-07
3,SYN-20260806-000564,1,1,0.03715804529460737,0.7558236848580553,0.20701411495648658,4.154890850815995e-06
3,SYN-20260806-000386,2,2,0.00013177646107033817,0.01278063679798655,0.9858724192497901,0.0012151674911530241
3,SYN-20260806-000468,2,2,0.001459342413457472,0.125224085502593,0.8732068686607729,0.0001097034231766214
3,SYN-20260806-000180,0,0,0.8924991266148373,0.10628882255419692,0.001212031517355605,1.9313610155613503e-08
3,SYN-20260806-000038,1,1,0.031098872676762764,0.7299995639447806,0.2388965677293845,4.995649072081498e-06
3,SYN-20260806-000287,2,2,0.008710906499622934,0.4571601843165316,0.5341106623159068,1.8246867938720435e-05
3,SYN-20260806-000383,2,2,0.0010101827021490976,0.09020298623492347,0.9086282864277316,0.00015854463519582307
3,SYN-20260806-000554,1,1,0.03629264620397791,0.7526443145094358,0.21105878149924473,4.257787341588326e-06
3,SYN-20260806-000210,2,2,0.0052474006820821765,0.3384051644783454,0.6563170388048551,3.0396034717328213e-05
3,SYN-20260806-000401,0,0,0.8785213674104195,0.12008744304135288,0.0013911673761272114,2.217210037791517e-08
3,SYN-20260806-000127,1,2,0.00023155992932902752,0.0222408506912494,0.976835766797556,0.0006918225818655088
3,SYN-20260806-000732,1,0,0.5552612015306013,0.43673381339285855,0.008004856646413261,1.2843012686669653e-07
3,SYN-20260806-000257,2,2,1.3144679914290024e-06,0.00012913748361144533,0.8911465561406854,0.10872299190771173
3,SYN-20260806-000143,2,2,0.0004436914966429982,0.04175564546834367,0.9574395621239541,0.00036110091105923114
3,SYN-20260806-000176,2,3,1.378812587133263e-07,1.3547471888753514e-05,0.46232189625179093,0.5376644183950616
3,SYN-20260806-000656,0,0,0.8475798218878837,0.15061167579667378,0.0018084734803651692,2.883507732587276e-08
3,SYN-20260806-000772,1,0,0.679013107828357,0.31624677599477513,0.0047400403770112565,7.57998566136564e-08
3,SYN-20260806-000260,1,1,0.03370801834727677,0.7421990295283915,0.2240883555696016,4.596554730174063e-06
3,SYN-20260806-000800,2,2,0.0024853450053435124,0.19578289100899615,0.8016674117069941,6.4352278666302e-05
3,SYN-20260806-000510,1,1,0.027702862942661742,0.7110654033539017,0.26122610600020946,5.627703227095715e-06
3,SYN-20260806-000270,0,0,0.858015184658768,0.14032038042785078,0.0016644083791692577,2.6534211938766816e-08
3,SYN-20260806-000622,0,0,0.9783751659758553,0.02140219873226068,0.00022263174777858996,3.5441054535567673e-09
3,SYN-20260806-000099,1,1,0.41261747189450143,0.5732430867981266,0.014139213045913035,2.2826145895660233e-07
3,SYN-20260806-000730,0,0,0.7967925518228367,0.20064459785482325,0.002562809428902857,4.089343719204663e-08
3,SYN-20260806-000160,0,0,0.6583852008715625,0.3364144132367093,0.005200302693158854,8.319856936722658e-08
3,SYN-20260806-000728,0,0,0.8874584529612806,0.11126553820783358,0.0012759884968249757,2.0334060879534377e-08
3,SYN-20260806-000668,2,2,0.0012992803530058026,0.11306240764812855,0.8855150758139841,0.00012323618488152555
3,SYN-20260806-000515,2,2,0.0003640997269860783,0.034526753757277144,0.9646691090840691,0.0004400374316676503
3,SYN-20260806-000071,3,3,1.6881420863801966e-09,1.6587001619985964e-07,0.010418239665359765,0.9895815927764819
3,SYN-20260806-000410,2,2,0.0043468289130237535,0.2979782771216167,0.6976381675229506,3.672644240892975e-05
3,SYN-20260806-000033,2,2,0.0011091014889498664,0.09815811724907988,0.900588389195395,0.0001443920665752385
3,SYN-20260806-000547,2,2,1.8978489187749228e-06,0.00018643987267020668,0.9219054792950105,0.07790618298340046
3,SYN-20260806-000603,1,1,0.024774158915933642,0.6912519150355957,0.2839676141091113,6.311939359404661e-06
3,SYN-20260806-000646,2,2,0.00035257507960420945,0.033470875139703676,0.9657221301129449,0.00045441966774717457
3,SYN-20260806-000020,2,2,1.5600467208098126e-06,0.00015326017770697788,0.9066419504716514,0.09320322930392078
3,SYN-20260806-000262,2,2,2.4942394091728522e-06,0.0002450132634922897,0.9393490782246028,0.06040341427249574
3,SYN-20260806-000391,2,2,0.0007366720481564016,0.06744712064659536,0.9315987517106005,0.0002174555946478085
3,SYN-20260806-000566,2,2,0.0006426899110032177,0.05935912109132121,0.9397489188225933,0.0002492701750821391
3,SYN-20260806-000352,1,1,0.2209765542456148,0.7447237668698468,0.03429911360487248,5.652796659649795e-07
3,SYN-20260806-000124,1,1,0.03450232973083531,0.7455695436129154,0.21992363961421668,4.487042032597088e-06
3,SYN-20260806-000120,0,0,0.7511566478291322,0.24551681966200367,0.0033264793892657796,5.31195983866084e-08
3,SYN-20260806-000610,2,2,0.000319069985149437,0.03038785359469695,0.9687909459154174,0.0005021305047362423
3,SYN-20260806-000786,0,0,0.877507185858056,0.12108840734441184,0.0014043844144855377,2.2383046638374537e-08
3,SYN-20260806-000400,0,1,0.36245788949341484,0.6201294225492809,0.017412405917454965,2.82039849253124e-07
3,SYN-20260806-000324,0,0,0.9934025944921534,0.006530499952773994,6.690449017665578e-05,1.0648959491987853e-09
3,SYN-20260806-000146,2,2,1.1383639801185828e-05,0.001117248223177837,0.9849814846542333,0.013889883482787635
3,SYN-20260806-000218,2,2,0.0009082558020429925,0.08185558395470334,0.9170598084534433,0.00017635178981023625
3,SYN-20260806-000671,2,2,3.5834999294107894e-05,0.003508523044282692,0.9920011576350278,0.004454484321395391
3,SYN-20260806-000680,1,1,0.046993853890831216,0.7833544230071798,0.1696484713867622,3.2517152267486082e-06
3,SYN-20260806-000303,1,0,0.5608493601012684,0.4313235914615613,0.00782692288433795,1.2555283235293757e-07
3,SYN-20260806-000082,1,1,0.39731635867049475,0.5876311157155863,0.01505228238672529,2.4322719360814204e-07
3,SYN-20260806-000235,1,1,0.058488825804696574,0.8019634631654823,0.13954512989474477,2.5811350763405017e-06
3,SYN-20260806-000053,2,2,2.391672590385029e-05,0.0023443957426695413,0.9909721314210213,0.0066595561104053624
3,SYN-20260806-000079,3,3,9.999999982214215e-10,9.999999982214215e-10,1.3912033163652212e-05,0.9999860859668364
3,SYN-20260806-000366,1,1,0.3003379637275057,0.676729815376357,0.02293184735606968,3.735400676552203e-07
3,SYN-20260806-000751,2,2,0.005702647338401361,0.35705762971375976,0.6372117661835868,2.7956764252046185e-05
3,SYN-20260806-000480,0,0,0.9273574418501516,0.0718539800622271,0.0007885655272278358,1.2560393503058265e-08
3,SYN-20260806-000229,2,2,9.414173706815113e-05,0.009164347105584683,0.9890413222749977,0.0017001888823494626
3,SYN-20260806-000051,2,2,0.0004409388297156882,0.04150746464618367,0.9576882411723864,0.00036335535171427846
3,SYN-20260806-000409,1,1,0.08503494791589397,0.817162132290744,0.09780119448953983,1.7253038222531103e-06
3,SYN-20260806-000654,2,2,0.002226210500842809,0.1790798645823747,0.8186220638050016,7.186111178092425e-05
3,SYN-20260806-000534,2,2,0.0097864003383639,0.48540752961786376,0.5047898460361928,1.622400757950171e-05
3,SYN-20260806-000617,2,2,0.00020917365791148787,0.020134447845377417,0.9788905549530962,0.0007658235436148741
3,SYN-20260806-000165,2,2,4.728983441716909e-05,0.00462479980896546,0.9919488111922484,0.0033790991643689594
3,SYN-20260806-000133,0,0,0.9240518232158139,0.0751207970174359,0.0008273665878157921,1.317893438823603e-08
3,SYN-20260806-000540,2,1,0.024976811106949357,0.6927449420281461,0.2822719874388333,6.259426071242302e-06
3,SYN-20260806-000295,3,3,9.99999998002e-10,9.99999998002e-10,8.132766145772728e-09,0.9999999898672339
3,SYN-20260806-000609,2,2,0.0003219584785087119,0.030654426114169284,0.9685259890286276,0.0004976263786943269
3,SYN-20260806-000697,0,0,0.5542330401188253,0.4377288525886601,0.00803797832667652,1.289658380088099e-07
3,SYN-20260806-000075,3,3,9.99999998015532e-10,9.99999998015532e-10,9.223462287924515e-07,0.9999990756537712
3,SYN-20260806-000767,2,2,0.0002657928465079199,0.025444296976333842,0.9736871581344009,0.0006027520427573929
3,SYN-20260806-000748,2,2,4.367399832349667e-05,0.004272708623185483,0.9920257676459899,0.0036578497325010506
3,SYN-20260806-000371,0,0,0.5326845306642988,0.45855430696134636,0.008761021705066874,1.4066928799572054e-07
3,SYN-20260806-000358,2,2,1.2273110688159789e-05,0.0012044391965282178,0.9858870771256086,0.012896210567174937
3,SYN-20260806-000766,2,2,5.4309328779267034e-05,0.005307603640179643,0.9916944722528875,0.002943614778153525
3,SYN-20260806-000784,2,2,0.0007839399339896468,0.07146191561124236,0.9275498073931903,0.00020433706157774179
3,SYN-20260806-000794,1,1,0.06689186664099707,0.8098852882391886,0.12322060837228677,2.2367475275286708e-06
3,SYN-20260806-000446,2,2,7.835786275069866e-06,0.0007693144701440929,0.979170006905773,0.02005284283780784
3,SYN-20260806-000337,0,0,0.9626815105194014,0.036928084644101355,0.0003903986206447163,6.215852499380503e-09
3,SYN-20260806-000734,2,2,0.0003195838330275958,0.030435286297242264,0.9687438065762104,0.0005013232935197065
3,SYN-20260806-000433,3,3,2.925828117475417e-08,2.874792549272719e-06,0.15430909964906894,0.8456879963001006
3,SYN-20260806-000219,1,2,0.0029527641577104754,0.22421831680348864,0.7727747784795692,5.4140559231696805e-05
3,SYN-20260806-000600,1,1,0.024084516814296342,0.6860207376539482,0.2898882482645728,6.497267182603572e-06
3,SYN-20260806-000289,2,2,0.0027240920290890406,0.21056871966684176,0.7866484897590212,5.869854504791938e-05
3,SYN-20260806-000054,0,0,0.8900066853532114,0.10874972828936524,0.001243566540679808,1.9816743579426088e-08
3,SYN-20260806-000773,1,1,0.025850671454450944,0.6989645721633572,0.2751787139698203,6.04241237156522e-06
3,SYN-20260806-000040,2,2,0.0012605486248629034,0.1100677111400043,0.8885447130397849,0.0001270271953479618
3,SYN-20260806-000719,1,1,0.02260541980155173,0.6739611997470537,0.3034264475724572,6.93287893738237e-06
3,SYN-20260806-000770,3,3,9.999999999478145e-10,9.312842736304274e-08,0.005876213163110617,0.9941236927084619
3,SYN-20260806-000733,1,2,0.008644875427735675,0.45531672532676176,0.5360200117826459,1.8387462856650494e-05
3,SYN-20260806-000300,1,1,0.02893418786413423,0.7183786589466534,0.2526817718011869,5.381388025416101e-06
3,SYN-20260806-000641,1,1,0.13975476821383054,0.8018512345065997,0.058393010285623485,9.869939461282229e-07
3,SYN-20260806-000640,1,1,0.23645832191104307,0.732033910463136,0.03150724985544617,5.17770374686144e-07
3,SYN-20260806-000360,1,1,0.08505094804852233,0.8171642748568265,0.0977830521455646,1.7249490865678396e-06
3,SYN-20260806-000065,2,2,5.221351045148343e-05,0.005103837263738205,0.9917825348769529,0.0030614143488574275
3,SYN-20260806-000370,2,2,0.002094686377701019,0.17032816292055145,0.8275007677511936,7.638295055389932e-05
3,SYN-20260806-000760,1,1,0.1119311976855419,0.8140501697231461,0.07401736039483664,1.2721964752770987e-06
3,SYN-20260806-000699,2,2,4.9213308443579994e-05,0.0048119951461421916,0.9918913398742611,0.0032474516711530343
